{
  "replicasUuidToPrincipalId": {
    "9d5f20cd-cc56-428a-8f29-94616f24952e": 0,
    "fa59c32f-2eff-44ff-ae69-68098843cf5d": 2,
    "dcf8008d-448b-4438-b599-09d53b583032": 3,
    "02ab1a01-2407-42bf-9073-2e572738847b": 1
  },
  "clientsUuidToPrincipalIds": {
    "9ec5c293-5b00-4a14-8e02-7026944850a0": [
      118,
      119,
      120,
      121,
      122,
      123,
      124,
      125,
      126,
      127
    ],
    "a964cbbb-b5d2-4372-b5f0-fb67b59e016e": [
      18,
      19,
      20,
      21,
      22,
      23,
      24,
      25,
      26,
      27
    ],
    "d34a8a57-41dc-41ea-9a88-aa1340b9aa8a": [
      28,
      29,
      30,
      31,
      32,
      33,
      34,
      35,
      36,
      37
    ],
    "73d81e7e-1964-4361-9aaf-fb527327bc4e": [
      88,
      89,
      90,
      91,
      92,
      93,
      94,
      95,
      96,
      97
    ],
    "2dae0ea7-eab9-4a4c-8752-2696a47e20e2": [
      68,
      69,
      70,
      71,
      72,
      73,
      74,
      75,
      76,
      77
    ],
    "edefadb7-0eaf-4a1b-883b-a19664f574c2": [
      78,
      79,
      80,
      81,
      82,
      83,
      84,
      85,
      86,
      87
    ],
    "db79eed5-c00f-48f5-8f52-e37dec3c0358": [
      38,
      39,
      40,
      41,
      42,
      43,
      44,
      45,
      46,
      47
    ],
    "7076b0eb-8757-4714-8774-d53f9cac2697": [
      58,
      59,
      60,
      61,
      62,
      63,
      64,
      65,
      66,
      67
    ],
    "79e41d0d-200d-4f2a-a143-eba774923d72": [
      98,
      99,
      100,
      101,
      102,
      103,
      104,
      105,
      106,
      107
    ],
    "3ef768da-5f4b-469f-a9ac-1bf0d00a1025": [
      8,
      9,
      10,
      11,
      12,
      13,
      14,
      15,
      16,
      17
    ],
    "ca0ce480-52ba-4cb5-9d1e-a98b29ec193a": [
      108,
      109,
      110,
      111,
      112,
      113,
      114,
      115,
      116,
      117
    ],
    "42339d84-b575-45a6-befb-e823bda22bcd": [
      48,
      49,
      50,
      51,
      52,
      53,
      54,
      55,
      56,
      57
    ]
  }
}