{
  "replicasUuidToPrincipalId": {
    "a5a2d6e0-abef-4711-aadb-8bc63731d290": 2,
    "ce814e11-8333-4fdb-a4bf-2e9dcae0139d": 1,
    "252f5038-4011-4a8b-a57a-1849d4de8817": 3,
    "d3dacfe2-da0e-417d-aa51-0c51f2cac47d": 0
  },
  "clientsUuidToPrincipalIds": {
    "22545c38-c0c1-4840-8e12-3d4443cb22fb": [
      53,
      54,
      55,
      56,
      57
    ],
    "53737844-5352-40d1-a3c0-f69544f44b2c": [
      58,
      59,
      60,
      61,
      62
    ],
    "41f0ef8b-d43f-4204-bea7-2e93d23bb081": [
      8,
      9,
      10,
      11,
      12
    ],
    "12579584-f514-4ea4-8abd-08b06ce5a092": [
      23,
      24,
      25,
      26,
      27
    ],
    "26be3861-f35d-4495-beca-6a41083db221": [
      28,
      29,
      30,
      31,
      32
    ],
    "5764573f-065d-4fb5-b1ee-6c5ed40ad30e": [
      43,
      44,
      45,
      46,
      47
    ],
    "f5e297b3-f5f7-4b94-ba6b-fa38e35e7dc9": [
      18,
      19,
      20,
      21,
      22
    ],
    "400d60ae-18f8-4f8c-8330-4ad24a8f98a3": [
      38,
      39,
      40,
      41,
      42
    ],
    "2721b49e-a8a5-4ef4-8dea-ffe37b21a5af": [
      63,
      64,
      65,
      66,
      67
    ],
    "37d86575-4a93-4975-bb04-a8b52d05b89c": [
      33,
      34,
      35,
      36,
      37
    ],
    "65d90752-e78c-4d25-9275-0fb812e3fcc2": [
      48,
      49,
      50,
      51,
      52
    ],
    "79e28049-7e31-48aa-9422-cff32744c867": [
      13,
      14,
      15,
      16,
      17
    ]
  }
}