{
  "nodes": [
    {
      "nodeId": "fc053793-66f8-4b39-a7d9-67bb19bb54a1",
      "names": [
        ""
      ],
      "properties": {
        "CPU_LIMIT": "100m",
        "CPU_REQUESTED": "100m",
        "BLOCKCHAIN_ID": "746d220e-1eb9-4d15-ae1b-a224cee8d396",
        "STORAGE_CLASS_NAME": "gp2",
        "BLOCKCHAIN_VERSION": "0.0.0.0.8333",
        "SIGNATURE_SAVE": "SIGNATURE",
        "ZONE_NAME": "k8s-zone-A",
        "NODE_NAME": "replica-3",
        "ENCRYPT_SECRETS": "False",
        "MEMORY_REQUESTED": "2000Mi",
        "STORAGE_REQUESTED": "8Gi",
        "PRIVATE_IP": "replica-3",
        "MEMORY_LIMIT": "2000Mi"
      }
    },
    {
      "nodeId": "c76020ac-29fb-49dc-9eae-edfcfca1be9a",
      "names": [
        ""
      ],
      "properties": {
        "CPU_LIMIT": "100m",
        "CPU_REQUESTED": "100m",
        "BLOCKCHAIN_ID": "746d220e-1eb9-4d15-ae1b-a224cee8d396",
        "CLIENT_GROUP_ID": "c76020ac-29fb-49dc-9eae-edfcfca1be9a",
        "STORAGE_CLASS_NAME": "gp2",
        "BLOCKCHAIN_VERSION": "0.0.0.0.8333",
        "SIGNATURE_SAVE": "SIGNATURE",
        "ZONE_NAME": "k8s-zone-A",
        "NODE_NAME": "client-6",
        "CLIENT_CONFIG_PROPERTIES": "{\n}",
        "ENCRYPT_SECRETS": "False",
        "CLIENT_ENDPOINT": "https://{{ip}}:8545",
        "MEMORY_REQUESTED": "500Mi",
        "STORAGE_REQUESTED": "8Gi",
        "CLIENT_POSTGRES_PROPERTIES": "{\n  \"values\": {\n    \"max_connections\": \"300\",\n    \"shared_buffers\": \"4GB\",\n    \"effective_cache_size\": \"12GB\",\n    \"maintenance_work_mem\": \"1GB\",\n    \"checkpoint_completion_target\": \"0.9\",\n    \"wal_buffers\": \"16MB\",\n    \"default_statistics_target\": \"100\",\n    \"random_page_cost\": \"4\",\n    \"effective_io_concurrency\": \"2\",\n    \"work_mem\": \"40MB\",\n    \"min_wal_size\": \"2GB\",\n    \"max_wal_size\": \"8GB\",\n    \"max_worker_processes\": \"4\",\n    \"max_parallel_workers_per_gather\": \"2\",\n    \"max_parallel_workers\": \"4\",\n    \"max_parallel_maintenance_workers\": \"2\"\n  }\n}",
        "PRIVATE_IP": "client-6",
        "MEMORY_LIMIT": "500Mi",
        "CLIENT_BACKUP_ENABLED": "false"
      }
    },
    {
      "nodeId": "3e360a6a-cf8d-4d5d-a99f-d0fae304e4b8",
      "names": [
        ""
      ],
      "properties": {
        "CPU_LIMIT": "100m",
        "CPU_REQUESTED": "100m",
        "BLOCKCHAIN_ID": "746d220e-1eb9-4d15-ae1b-a224cee8d396",
        "CLIENT_GROUP_ID": "3e360a6a-cf8d-4d5d-a99f-d0fae304e4b8",
        "STORAGE_CLASS_NAME": "gp2",
        "BLOCKCHAIN_VERSION": "0.0.0.0.8333",
        "SIGNATURE_SAVE": "SIGNATURE",
        "ZONE_NAME": "k8s-zone-A",
        "NODE_NAME": "client-1",
        "CLIENT_CONFIG_PROPERTIES": "{\n}",
        "ENCRYPT_SECRETS": "False",
        "CLIENT_ENDPOINT": "https://{{ip}}:8545",
        "MEMORY_REQUESTED": "500Mi",
        "STORAGE_REQUESTED": "8Gi",
        "CLIENT_POSTGRES_PROPERTIES": "{\n  \"values\": {\n    \"max_connections\": \"300\",\n    \"shared_buffers\": \"4GB\",\n    \"effective_cache_size\": \"12GB\",\n    \"maintenance_work_mem\": \"1GB\",\n    \"checkpoint_completion_target\": \"0.9\",\n    \"wal_buffers\": \"16MB\",\n    \"default_statistics_target\": \"100\",\n    \"random_page_cost\": \"4\",\n    \"effective_io_concurrency\": \"2\",\n    \"work_mem\": \"40MB\",\n    \"min_wal_size\": \"2GB\",\n    \"max_wal_size\": \"8GB\",\n    \"max_worker_processes\": \"4\",\n    \"max_parallel_workers_per_gather\": \"2\",\n    \"max_parallel_workers\": \"4\",\n    \"max_parallel_maintenance_workers\": \"2\"\n  }\n}",
        "PRIVATE_IP": "client-1",
        "MEMORY_LIMIT": "500Mi",
        "CLIENT_BACKUP_ENABLED": "false"
      }
    },
    {
      "nodeId": "2747e5aa-8088-43ab-930b-d3d70fe74728",
      "names": [
        ""
      ],
      "properties": {
        "CPU_LIMIT": "100m",
        "CPU_REQUESTED": "100m",
        "BLOCKCHAIN_ID": "746d220e-1eb9-4d15-ae1b-a224cee8d396",
        "CLIENT_GROUP_ID": "2747e5aa-8088-43ab-930b-d3d70fe74728",
        "STORAGE_CLASS_NAME": "gp2",
        "BLOCKCHAIN_VERSION": "0.0.0.0.8333",
        "SIGNATURE_SAVE": "SIGNATURE",
        "ZONE_NAME": "k8s-zone-A",
        "NODE_NAME": "client-9",
        "CLIENT_CONFIG_PROPERTIES": "{\n}",
        "ENCRYPT_SECRETS": "False",
        "CLIENT_ENDPOINT": "https://{{ip}}:8545",
        "MEMORY_REQUESTED": "500Mi",
        "STORAGE_REQUESTED": "8Gi",
        "CLIENT_POSTGRES_PROPERTIES": "{\n  \"values\": {\n    \"max_connections\": \"300\",\n    \"shared_buffers\": \"4GB\",\n    \"effective_cache_size\": \"12GB\",\n    \"maintenance_work_mem\": \"1GB\",\n    \"checkpoint_completion_target\": \"0.9\",\n    \"wal_buffers\": \"16MB\",\n    \"default_statistics_target\": \"100\",\n    \"random_page_cost\": \"4\",\n    \"effective_io_concurrency\": \"2\",\n    \"work_mem\": \"40MB\",\n    \"min_wal_size\": \"2GB\",\n    \"max_wal_size\": \"8GB\",\n    \"max_worker_processes\": \"4\",\n    \"max_parallel_workers_per_gather\": \"2\",\n    \"max_parallel_workers\": \"4\",\n    \"max_parallel_maintenance_workers\": \"2\"\n  }\n}",
        "PRIVATE_IP": "client-9",
        "MEMORY_LIMIT": "500Mi",
        "CLIENT_BACKUP_ENABLED": "false"
      }
    },
    {
      "nodeId": "ba771449-7683-41a8-986c-809ff838392b",
      "names": [
        ""
      ],
      "properties": {
        "CPU_LIMIT": "100m",
        "CPU_REQUESTED": "100m",
        "BLOCKCHAIN_ID": "746d220e-1eb9-4d15-ae1b-a224cee8d396",
        "CLIENT_GROUP_ID": "ba771449-7683-41a8-986c-809ff838392b",
        "STORAGE_CLASS_NAME": "gp2",
        "BLOCKCHAIN_VERSION": "0.0.0.0.8333",
        "SIGNATURE_SAVE": "SIGNATURE",
        "ZONE_NAME": "k8s-zone-A",
        "NODE_NAME": "client-10",
        "CLIENT_CONFIG_PROPERTIES": "{\n}",
        "ENCRYPT_SECRETS": "False",
        "CLIENT_ENDPOINT": "https://{{ip}}:8545",
        "MEMORY_REQUESTED": "500Mi",
        "STORAGE_REQUESTED": "8Gi",
        "CLIENT_POSTGRES_PROPERTIES": "{\n  \"values\": {\n    \"max_connections\": \"300\",\n    \"shared_buffers\": \"4GB\",\n    \"effective_cache_size\": \"12GB\",\n    \"maintenance_work_mem\": \"1GB\",\n    \"checkpoint_completion_target\": \"0.9\",\n    \"wal_buffers\": \"16MB\",\n    \"default_statistics_target\": \"100\",\n    \"random_page_cost\": \"4\",\n    \"effective_io_concurrency\": \"2\",\n    \"work_mem\": \"40MB\",\n    \"min_wal_size\": \"2GB\",\n    \"max_wal_size\": \"8GB\",\n    \"max_worker_processes\": \"4\",\n    \"max_parallel_workers_per_gather\": \"2\",\n    \"max_parallel_workers\": \"4\",\n    \"max_parallel_maintenance_workers\": \"2\"\n  }\n}",
        "PRIVATE_IP": "client-10",
        "MEMORY_LIMIT": "500Mi",
        "CLIENT_BACKUP_ENABLED": "false"
      }
    },
    {
      "nodeId": "b42fe53b-6cf5-4866-bb70-59f5f28efd64",
      "names": [
        ""
      ],
      "properties": {
        "CPU_LIMIT": "100m",
        "CPU_REQUESTED": "100m",
        "BLOCKCHAIN_ID": "746d220e-1eb9-4d15-ae1b-a224cee8d396",
        "CLIENT_GROUP_ID": "b42fe53b-6cf5-4866-bb70-59f5f28efd64",
        "STORAGE_CLASS_NAME": "gp2",
        "BLOCKCHAIN_VERSION": "0.0.0.0.8333",
        "SIGNATURE_SAVE": "SIGNATURE",
        "ZONE_NAME": "k8s-zone-A",
        "NODE_NAME": "client-0",
        "CLIENT_CONFIG_PROPERTIES": "{\n}",
        "ENCRYPT_SECRETS": "False",
        "CLIENT_ENDPOINT": "https://{{ip}}:8545",
        "MEMORY_REQUESTED": "500Mi",
        "STORAGE_REQUESTED": "8Gi",
        "CLIENT_POSTGRES_PROPERTIES": "{\n  \"values\": {\n    \"max_connections\": \"300\",\n    \"shared_buffers\": \"4GB\",\n    \"effective_cache_size\": \"12GB\",\n    \"maintenance_work_mem\": \"1GB\",\n    \"checkpoint_completion_target\": \"0.9\",\n    \"wal_buffers\": \"16MB\",\n    \"default_statistics_target\": \"100\",\n    \"random_page_cost\": \"4\",\n    \"effective_io_concurrency\": \"2\",\n    \"work_mem\": \"40MB\",\n    \"min_wal_size\": \"2GB\",\n    \"max_wal_size\": \"8GB\",\n    \"max_worker_processes\": \"4\",\n    \"max_parallel_workers_per_gather\": \"2\",\n    \"max_parallel_workers\": \"4\",\n    \"max_parallel_maintenance_workers\": \"2\"\n  }\n}",
        "PRIVATE_IP": "client-0",
        "MEMORY_LIMIT": "500Mi",
        "CLIENT_BACKUP_ENABLED": "false"
      }
    },
    {
      "nodeId": "835094f6-8185-4d13-8824-33a8c5894e59",
      "names": [
        ""
      ],
      "properties": {
        "CPU_LIMIT": "100m",
        "CPU_REQUESTED": "100m",
        "BLOCKCHAIN_ID": "746d220e-1eb9-4d15-ae1b-a224cee8d396",
        "CLIENT_GROUP_ID": "835094f6-8185-4d13-8824-33a8c5894e59",
        "STORAGE_CLASS_NAME": "gp2",
        "BLOCKCHAIN_VERSION": "0.0.0.0.8333",
        "SIGNATURE_SAVE": "SIGNATURE",
        "ZONE_NAME": "k8s-zone-A",
        "NODE_NAME": "client-2",
        "CLIENT_CONFIG_PROPERTIES": "{\n}",
        "ENCRYPT_SECRETS": "False",
        "CLIENT_ENDPOINT": "https://{{ip}}:8545",
        "MEMORY_REQUESTED": "500Mi",
        "STORAGE_REQUESTED": "8Gi",
        "CLIENT_POSTGRES_PROPERTIES": "{\n  \"values\": {\n    \"max_connections\": \"300\",\n    \"shared_buffers\": \"4GB\",\n    \"effective_cache_size\": \"12GB\",\n    \"maintenance_work_mem\": \"1GB\",\n    \"checkpoint_completion_target\": \"0.9\",\n    \"wal_buffers\": \"16MB\",\n    \"default_statistics_target\": \"100\",\n    \"random_page_cost\": \"4\",\n    \"effective_io_concurrency\": \"2\",\n    \"work_mem\": \"40MB\",\n    \"min_wal_size\": \"2GB\",\n    \"max_wal_size\": \"8GB\",\n    \"max_worker_processes\": \"4\",\n    \"max_parallel_workers_per_gather\": \"2\",\n    \"max_parallel_workers\": \"4\",\n    \"max_parallel_maintenance_workers\": \"2\"\n  }\n}",
        "PRIVATE_IP": "client-2",
        "MEMORY_LIMIT": "500Mi",
        "CLIENT_BACKUP_ENABLED": "false"
      }
    },
    {
      "nodeId": "76572860-c496-4188-b94f-9a3eac6fb7b9",
      "names": [
        ""
      ],
      "properties": {
        "CPU_LIMIT": "100m",
        "CPU_REQUESTED": "100m",
        "BLOCKCHAIN_ID": "746d220e-1eb9-4d15-ae1b-a224cee8d396",
        "CLIENT_GROUP_ID": "76572860-c496-4188-b94f-9a3eac6fb7b9",
        "STORAGE_CLASS_NAME": "gp2",
        "BLOCKCHAIN_VERSION": "0.0.0.0.8333",
        "SIGNATURE_SAVE": "SIGNATURE",
        "ZONE_NAME": "k8s-zone-A",
        "NODE_NAME": "client-11",
        "CLIENT_CONFIG_PROPERTIES": "{\n}",
        "ENCRYPT_SECRETS": "False",
        "CLIENT_ENDPOINT": "https://{{ip}}:8545",
        "MEMORY_REQUESTED": "500Mi",
        "STORAGE_REQUESTED": "8Gi",
        "CLIENT_POSTGRES_PROPERTIES": "{\n  \"values\": {\n    \"max_connections\": \"300\",\n    \"shared_buffers\": \"4GB\",\n    \"effective_cache_size\": \"12GB\",\n    \"maintenance_work_mem\": \"1GB\",\n    \"checkpoint_completion_target\": \"0.9\",\n    \"wal_buffers\": \"16MB\",\n    \"default_statistics_target\": \"100\",\n    \"random_page_cost\": \"4\",\n    \"effective_io_concurrency\": \"2\",\n    \"work_mem\": \"40MB\",\n    \"min_wal_size\": \"2GB\",\n    \"max_wal_size\": \"8GB\",\n    \"max_worker_processes\": \"4\",\n    \"max_parallel_workers_per_gather\": \"2\",\n    \"max_parallel_workers\": \"4\",\n    \"max_parallel_maintenance_workers\": \"2\"\n  }\n}",
        "PRIVATE_IP": "client-11",
        "MEMORY_LIMIT": "500Mi",
        "CLIENT_BACKUP_ENABLED": "false"
      }
    },
    {
      "nodeId": "81db1b34-7872-4a7a-ba4c-985223255c65",
      "names": [
        ""
      ],
      "properties": {
        "CPU_LIMIT": "100m",
        "CPU_REQUESTED": "100m",
        "BLOCKCHAIN_ID": "746d220e-1eb9-4d15-ae1b-a224cee8d396",
        "CLIENT_GROUP_ID": "81db1b34-7872-4a7a-ba4c-985223255c65",
        "STORAGE_CLASS_NAME": "gp2",
        "BLOCKCHAIN_VERSION": "0.0.0.0.8333",
        "SIGNATURE_SAVE": "SIGNATURE",
        "ZONE_NAME": "k8s-zone-A",
        "NODE_NAME": "client-5",
        "CLIENT_CONFIG_PROPERTIES": "{\n}",
        "ENCRYPT_SECRETS": "False",
        "CLIENT_ENDPOINT": "https://{{ip}}:8545",
        "MEMORY_REQUESTED": "500Mi",
        "STORAGE_REQUESTED": "8Gi",
        "CLIENT_POSTGRES_PROPERTIES": "{\n  \"values\": {\n    \"max_connections\": \"300\",\n    \"shared_buffers\": \"4GB\",\n    \"effective_cache_size\": \"12GB\",\n    \"maintenance_work_mem\": \"1GB\",\n    \"checkpoint_completion_target\": \"0.9\",\n    \"wal_buffers\": \"16MB\",\n    \"default_statistics_target\": \"100\",\n    \"random_page_cost\": \"4\",\n    \"effective_io_concurrency\": \"2\",\n    \"work_mem\": \"40MB\",\n    \"min_wal_size\": \"2GB\",\n    \"max_wal_size\": \"8GB\",\n    \"max_worker_processes\": \"4\",\n    \"max_parallel_workers_per_gather\": \"2\",\n    \"max_parallel_workers\": \"4\",\n    \"max_parallel_maintenance_workers\": \"2\"\n  }\n}",
        "PRIVATE_IP": "client-5",
        "MEMORY_LIMIT": "500Mi",
        "CLIENT_BACKUP_ENABLED": "false"
      }
    },
    {
      "nodeId": "cee1e658-644a-45da-a8c3-45e8df38913b",
      "names": [
        ""
      ],
      "properties": {
        "CPU_LIMIT": "100m",
        "CPU_REQUESTED": "100m",
        "BLOCKCHAIN_ID": "746d220e-1eb9-4d15-ae1b-a224cee8d396",
        "STORAGE_CLASS_NAME": "gp2",
        "BLOCKCHAIN_VERSION": "0.0.0.0.8333",
        "SIGNATURE_SAVE": "SIGNATURE",
        "ZONE_NAME": "k8s-zone-A",
        "NODE_NAME": "replica-1",
        "ENCRYPT_SECRETS": "False",
        "MEMORY_REQUESTED": "2000Mi",
        "STORAGE_REQUESTED": "8Gi",
        "PRIVATE_IP": "replica-1",
        "MEMORY_LIMIT": "2000Mi"
      }
    },
    {
      "nodeId": "ea67025f-3f08-4019-974f-a9f48a164f44",
      "names": [
        ""
      ],
      "properties": {
        "CPU_LIMIT": "100m",
        "CPU_REQUESTED": "100m",
        "BLOCKCHAIN_ID": "746d220e-1eb9-4d15-ae1b-a224cee8d396",
        "STORAGE_CLASS_NAME": "gp2",
        "BLOCKCHAIN_VERSION": "0.0.0.0.8333",
        "SIGNATURE_SAVE": "SIGNATURE",
        "ZONE_NAME": "k8s-zone-A",
        "NODE_NAME": "replica-2",
        "ENCRYPT_SECRETS": "False",
        "MEMORY_REQUESTED": "2000Mi",
        "STORAGE_REQUESTED": "8Gi",
        "PRIVATE_IP": "replica-2",
        "MEMORY_LIMIT": "2000Mi"
      }
    },
    {
      "nodeId": "746ffc10-615c-4ea9-923f-ce8f44a6a772",
      "names": [
        ""
      ],
      "properties": {
        "CPU_LIMIT": "100m",
        "CPU_REQUESTED": "100m",
        "BLOCKCHAIN_ID": "746d220e-1eb9-4d15-ae1b-a224cee8d396",
        "STORAGE_CLASS_NAME": "gp2",
        "BLOCKCHAIN_VERSION": "0.0.0.0.8333",
        "SIGNATURE_SAVE": "SIGNATURE",
        "ZONE_NAME": "k8s-zone-A",
        "NODE_NAME": "replica-0",
        "ENCRYPT_SECRETS": "False",
        "MEMORY_REQUESTED": "2000Mi",
        "STORAGE_REQUESTED": "8Gi",
        "PRIVATE_IP": "replica-0",
        "MEMORY_LIMIT": "2000Mi"
      }
    },
    {
      "nodeId": "22c56f86-baf7-411b-805e-c8a97be07144",
      "names": [
        ""
      ],
      "properties": {
        "CPU_LIMIT": "100m",
        "CPU_REQUESTED": "100m",
        "BLOCKCHAIN_ID": "746d220e-1eb9-4d15-ae1b-a224cee8d396",
        "CLIENT_GROUP_ID": "22c56f86-baf7-411b-805e-c8a97be07144",
        "STORAGE_CLASS_NAME": "gp2",
        "BLOCKCHAIN_VERSION": "0.0.0.0.8333",
        "SIGNATURE_SAVE": "SIGNATURE",
        "ZONE_NAME": "k8s-zone-A",
        "NODE_NAME": "client-4",
        "CLIENT_CONFIG_PROPERTIES": "{\n}",
        "ENCRYPT_SECRETS": "False",
        "CLIENT_ENDPOINT": "https://{{ip}}:8545",
        "MEMORY_REQUESTED": "500Mi",
        "STORAGE_REQUESTED": "8Gi",
        "CLIENT_POSTGRES_PROPERTIES": "{\n  \"values\": {\n    \"max_connections\": \"300\",\n    \"shared_buffers\": \"4GB\",\n    \"effective_cache_size\": \"12GB\",\n    \"maintenance_work_mem\": \"1GB\",\n    \"checkpoint_completion_target\": \"0.9\",\n    \"wal_buffers\": \"16MB\",\n    \"default_statistics_target\": \"100\",\n    \"random_page_cost\": \"4\",\n    \"effective_io_concurrency\": \"2\",\n    \"work_mem\": \"40MB\",\n    \"min_wal_size\": \"2GB\",\n    \"max_wal_size\": \"8GB\",\n    \"max_worker_processes\": \"4\",\n    \"max_parallel_workers_per_gather\": \"2\",\n    \"max_parallel_workers\": \"4\",\n    \"max_parallel_maintenance_workers\": \"2\"\n  }\n}",
        "PRIVATE_IP": "client-4",
        "MEMORY_LIMIT": "500Mi",
        "CLIENT_BACKUP_ENABLED": "false"
      }
    },
    {
      "nodeId": "e5da187e-0982-49d0-a352-201ab0633a25",
      "names": [
        ""
      ],
      "properties": {
        "CPU_LIMIT": "100m",
        "CPU_REQUESTED": "100m",
        "BLOCKCHAIN_ID": "746d220e-1eb9-4d15-ae1b-a224cee8d396",
        "CLIENT_GROUP_ID": "e5da187e-0982-49d0-a352-201ab0633a25",
        "STORAGE_CLASS_NAME": "gp2",
        "BLOCKCHAIN_VERSION": "0.0.0.0.8333",
        "SIGNATURE_SAVE": "SIGNATURE",
        "ZONE_NAME": "k8s-zone-A",
        "NODE_NAME": "client-3",
        "CLIENT_CONFIG_PROPERTIES": "{\n}",
        "ENCRYPT_SECRETS": "False",
        "CLIENT_ENDPOINT": "https://{{ip}}:8545",
        "MEMORY_REQUESTED": "500Mi",
        "STORAGE_REQUESTED": "8Gi",
        "CLIENT_POSTGRES_PROPERTIES": "{\n  \"values\": {\n    \"max_connections\": \"300\",\n    \"shared_buffers\": \"4GB\",\n    \"effective_cache_size\": \"12GB\",\n    \"maintenance_work_mem\": \"1GB\",\n    \"checkpoint_completion_target\": \"0.9\",\n    \"wal_buffers\": \"16MB\",\n    \"default_statistics_target\": \"100\",\n    \"random_page_cost\": \"4\",\n    \"effective_io_concurrency\": \"2\",\n    \"work_mem\": \"40MB\",\n    \"min_wal_size\": \"2GB\",\n    \"max_wal_size\": \"8GB\",\n    \"max_worker_processes\": \"4\",\n    \"max_parallel_workers_per_gather\": \"2\",\n    \"max_parallel_workers\": \"4\",\n    \"max_parallel_maintenance_workers\": \"2\"\n  }\n}",
        "PRIVATE_IP": "client-3",
        "MEMORY_LIMIT": "500Mi",
        "CLIENT_BACKUP_ENABLED": "false"
      }
    },
    {
      "nodeId": "637e941e-a9bd-48c2-9476-95fd10d367a3",
      "names": [
        ""
      ],
      "properties": {
        "CPU_LIMIT": "100m",
        "CPU_REQUESTED": "100m",
        "BLOCKCHAIN_ID": "746d220e-1eb9-4d15-ae1b-a224cee8d396",
        "CLIENT_GROUP_ID": "637e941e-a9bd-48c2-9476-95fd10d367a3",
        "STORAGE_CLASS_NAME": "gp2",
        "BLOCKCHAIN_VERSION": "0.0.0.0.8333",
        "SIGNATURE_SAVE": "SIGNATURE",
        "ZONE_NAME": "k8s-zone-A",
        "NODE_NAME": "client-8",
        "CLIENT_CONFIG_PROPERTIES": "{\n}",
        "ENCRYPT_SECRETS": "False",
        "CLIENT_ENDPOINT": "https://{{ip}}:8545",
        "MEMORY_REQUESTED": "500Mi",
        "STORAGE_REQUESTED": "8Gi",
        "CLIENT_POSTGRES_PROPERTIES": "{\n  \"values\": {\n    \"max_connections\": \"300\",\n    \"shared_buffers\": \"4GB\",\n    \"effective_cache_size\": \"12GB\",\n    \"maintenance_work_mem\": \"1GB\",\n    \"checkpoint_completion_target\": \"0.9\",\n    \"wal_buffers\": \"16MB\",\n    \"default_statistics_target\": \"100\",\n    \"random_page_cost\": \"4\",\n    \"effective_io_concurrency\": \"2\",\n    \"work_mem\": \"40MB\",\n    \"min_wal_size\": \"2GB\",\n    \"max_wal_size\": \"8GB\",\n    \"max_worker_processes\": \"4\",\n    \"max_parallel_workers_per_gather\": \"2\",\n    \"max_parallel_workers\": \"4\",\n    \"max_parallel_maintenance_workers\": \"2\"\n  }\n}",
        "PRIVATE_IP": "client-8",
        "MEMORY_LIMIT": "500Mi",
        "CLIENT_BACKUP_ENABLED": "false"
      }
    },
    {
      "nodeId": "0180d410-fdc5-4751-b160-3ac5ecbb0414",
      "names": [
        ""
      ],
      "properties": {
        "CPU_LIMIT": "100m",
        "CPU_REQUESTED": "100m",
        "BLOCKCHAIN_ID": "746d220e-1eb9-4d15-ae1b-a224cee8d396",
        "CLIENT_GROUP_ID": "0180d410-fdc5-4751-b160-3ac5ecbb0414",
        "STORAGE_CLASS_NAME": "gp2",
        "BLOCKCHAIN_VERSION": "0.0.0.0.8333",
        "SIGNATURE_SAVE": "SIGNATURE",
        "ZONE_NAME": "k8s-zone-A",
        "NODE_NAME": "client-7",
        "CLIENT_CONFIG_PROPERTIES": "{\n}",
        "ENCRYPT_SECRETS": "False",
        "CLIENT_ENDPOINT": "https://{{ip}}:8545",
        "MEMORY_REQUESTED": "500Mi",
        "STORAGE_REQUESTED": "8Gi",
        "CLIENT_POSTGRES_PROPERTIES": "{\n  \"values\": {\n    \"max_connections\": \"300\",\n    \"shared_buffers\": \"4GB\",\n    \"effective_cache_size\": \"12GB\",\n    \"maintenance_work_mem\": \"1GB\",\n    \"checkpoint_completion_target\": \"0.9\",\n    \"wal_buffers\": \"16MB\",\n    \"default_statistics_target\": \"100\",\n    \"random_page_cost\": \"4\",\n    \"effective_io_concurrency\": \"2\",\n    \"work_mem\": \"40MB\",\n    \"min_wal_size\": \"2GB\",\n    \"max_wal_size\": \"8GB\",\n    \"max_worker_processes\": \"4\",\n    \"max_parallel_workers_per_gather\": \"2\",\n    \"max_parallel_workers\": \"4\",\n    \"max_parallel_maintenance_workers\": \"2\"\n  }\n}",
        "PRIVATE_IP": "client-7",
        "MEMORY_LIMIT": "500Mi",
        "CLIENT_BACKUP_ENABLED": "false"
      }
    }
  ],
  "metadata": {
    "deploymentType": "GENERATE",
    "consortiumName": "castor-consortium-1",
    "startingTime": "2023-03-01T21:52:00.632449",
    "blockchainVersion": "0.0.0.0.8333",
    "finishingTime": "2023-03-01T21:52:02.022434",
    "deploymentRequestId": "e68d1e6c-759c-45dc-aaa4-dcd941f8441f",
    "blockchainId": "746d220e-1eb9-4d15-ae1b-a224cee8d396",
    "consortiumId": "26b18a53-9c00-407e-ac68-c5ec55d63e6a",
    "status": "SUCCESS"
  }
}