{
  "nodes": [
    {
      "nodeId": "e7cd95bb-c4f8-479a-9ebb-8ab0a7e8147c",
      "names": [
        ""
      ],
      "properties": {
        "CPU_LIMIT": "100m",
        "CPU_REQUESTED": "100m",
        "BLOCKCHAIN_ID": "746d220e-1eb9-4d15-ae1b-a224cee8d396",
        "STORAGE_CLASS_NAME": "gp2",
        "BLOCKCHAIN_VERSION": "0.0.0.0.8341",
        "SIGNATURE_SAVE": "SIGNATURE",
        "ZONE_NAME": "k8s-zone-A",
        "NODE_NAME": "replica-3",
        "ENCRYPT_SECRETS": "False",
        "MEMORY_REQUESTED": "2000Mi",
        "STORAGE_REQUESTED": "8Gi",
        "PRIVATE_IP": "replica-3",
        "MEMORY_LIMIT": "2000Mi"
      }
    },
    {
      "nodeId": "08419bed-7202-4e32-9be4-0b6c234d11cf",
      "names": [
        ""
      ],
      "properties": {
        "CPU_LIMIT": "100m",
        "CPU_REQUESTED": "100m",
        "BLOCKCHAIN_ID": "746d220e-1eb9-4d15-ae1b-a224cee8d396",
        "CLIENT_GROUP_ID": "08419bed-7202-4e32-9be4-0b6c234d11cf",
        "STORAGE_CLASS_NAME": "gp2",
        "BLOCKCHAIN_VERSION": "0.0.0.0.8341",
        "SIGNATURE_SAVE": "SIGNATURE",
        "ZONE_NAME": "k8s-zone-A",
        "NODE_NAME": "client-0",
        "CLIENT_CONFIG_PROPERTIES": "{\n}",
        "ENCRYPT_SECRETS": "False",
        "CLIENT_ENDPOINT": "https://{{ip}}:8545",
        "MEMORY_REQUESTED": "500Mi",
        "STORAGE_REQUESTED": "8Gi",
        "CLIENT_POSTGRES_PROPERTIES": "{\n  \"values\": {\n    \"max_connections\": \"300\",\n    \"shared_buffers\": \"4GB\",\n    \"effective_cache_size\": \"12GB\",\n    \"maintenance_work_mem\": \"1GB\",\n    \"checkpoint_completion_target\": \"0.9\",\n    \"wal_buffers\": \"16MB\",\n    \"default_statistics_target\": \"100\",\n    \"random_page_cost\": \"4\",\n    \"effective_io_concurrency\": \"2\",\n    \"work_mem\": \"40MB\",\n    \"min_wal_size\": \"2GB\",\n    \"max_wal_size\": \"8GB\",\n    \"max_worker_processes\": \"4\",\n    \"max_parallel_workers_per_gather\": \"2\",\n    \"max_parallel_workers\": \"4\",\n    \"max_parallel_maintenance_workers\": \"2\"\n  }\n}",
        "PRIVATE_IP": "client-0",
        "MEMORY_LIMIT": "500Mi",
        "CLIENT_BACKUP_ENABLED": "false"
      }
    },
    {
      "nodeId": "91c47dfa-1272-4dfb-89b5-0c8d9f43c48a",
      "names": [
        ""
      ],
      "properties": {
        "CPU_LIMIT": "100m",
        "CPU_REQUESTED": "100m",
        "BLOCKCHAIN_ID": "746d220e-1eb9-4d15-ae1b-a224cee8d396",
        "STORAGE_CLASS_NAME": "gp2",
        "BLOCKCHAIN_VERSION": "0.0.0.0.8341",
        "SIGNATURE_SAVE": "SIGNATURE",
        "ZONE_NAME": "k8s-zone-A",
        "NODE_NAME": "replica-0",
        "ENCRYPT_SECRETS": "False",
        "MEMORY_REQUESTED": "2000Mi",
        "STORAGE_REQUESTED": "8Gi",
        "PRIVATE_IP": "replica-0",
        "MEMORY_LIMIT": "2000Mi"
      }
    },
    {
      "nodeId": "f5f6741f-2d07-4e32-8709-2b4087c27c3b",
      "names": [
        ""
      ],
      "properties": {
        "CPU_LIMIT": "100m",
        "CPU_REQUESTED": "100m",
        "BLOCKCHAIN_ID": "746d220e-1eb9-4d15-ae1b-a224cee8d396",
        "STORAGE_CLASS_NAME": "gp2",
        "BLOCKCHAIN_VERSION": "0.0.0.0.8341",
        "SIGNATURE_SAVE": "SIGNATURE",
        "ZONE_NAME": "k8s-zone-A",
        "NODE_NAME": "replica-2",
        "ENCRYPT_SECRETS": "False",
        "MEMORY_REQUESTED": "2000Mi",
        "STORAGE_REQUESTED": "8Gi",
        "PRIVATE_IP": "replica-2",
        "MEMORY_LIMIT": "2000Mi"
      }
    },
    {
      "nodeId": "8776cdcb-6be6-4e19-9b4a-e35495e9934a",
      "names": [
        ""
      ],
      "properties": {
        "CPU_LIMIT": "100m",
        "CPU_REQUESTED": "100m",
        "BLOCKCHAIN_ID": "746d220e-1eb9-4d15-ae1b-a224cee8d396",
        "STORAGE_CLASS_NAME": "gp2",
        "BLOCKCHAIN_VERSION": "0.0.0.0.8341",
        "SIGNATURE_SAVE": "SIGNATURE",
        "ZONE_NAME": "k8s-zone-A",
        "NODE_NAME": "replica-1",
        "ENCRYPT_SECRETS": "False",
        "MEMORY_REQUESTED": "2000Mi",
        "STORAGE_REQUESTED": "8Gi",
        "PRIVATE_IP": "replica-1",
        "MEMORY_LIMIT": "2000Mi"
      }
    },
    {
      "nodeId": "e3ef6c11-407d-40f4-a491-664906a8ca56",
      "names": [
        ""
      ],
      "properties": {
        "CPU_LIMIT": "100m",
        "CPU_REQUESTED": "100m",
        "BLOCKCHAIN_ID": "746d220e-1eb9-4d15-ae1b-a224cee8d396",
        "CLIENT_GROUP_ID": "e3ef6c11-407d-40f4-a491-664906a8ca56",
        "STORAGE_CLASS_NAME": "gp2",
        "BLOCKCHAIN_VERSION": "0.0.0.0.8341",
        "SIGNATURE_SAVE": "SIGNATURE",
        "ZONE_NAME": "k8s-zone-A",
        "NODE_NAME": "client-1",
        "CLIENT_CONFIG_PROPERTIES": "{\n}",
        "ENCRYPT_SECRETS": "False",
        "CLIENT_ENDPOINT": "https://{{ip}}:8545",
        "MEMORY_REQUESTED": "500Mi",
        "STORAGE_REQUESTED": "8Gi",
        "CLIENT_POSTGRES_PROPERTIES": "{\n  \"values\": {\n    \"max_connections\": \"300\",\n    \"shared_buffers\": \"4GB\",\n    \"effective_cache_size\": \"12GB\",\n    \"maintenance_work_mem\": \"1GB\",\n    \"checkpoint_completion_target\": \"0.9\",\n    \"wal_buffers\": \"16MB\",\n    \"default_statistics_target\": \"100\",\n    \"random_page_cost\": \"4\",\n    \"effective_io_concurrency\": \"2\",\n    \"work_mem\": \"40MB\",\n    \"min_wal_size\": \"2GB\",\n    \"max_wal_size\": \"8GB\",\n    \"max_worker_processes\": \"4\",\n    \"max_parallel_workers_per_gather\": \"2\",\n    \"max_parallel_workers\": \"4\",\n    \"max_parallel_maintenance_workers\": \"2\"\n  }\n}",
        "PRIVATE_IP": "client-1",
        "MEMORY_LIMIT": "500Mi",
        "CLIENT_BACKUP_ENABLED": "false"
      }
    }
  ],
  "metadata": {
    "deploymentType": "GENERATE",
    "consortiumName": "castor-consortium-1",
    "startingTime": "2023-03-07T01:01:11.691396",
    "blockchainVersion": "0.0.0.0.8341",
    "finishingTime": "2023-03-07T01:01:14.82177",
    "deploymentRequestId": "1c7286dc-afcd-44c7-88bd-f5ea3cc5edea",
    "blockchainId": "746d220e-1eb9-4d15-ae1b-a224cee8d396",
    "consortiumId": "590efc57-0002-4a01-ad42-0dc405781ea3",
    "status": "SUCCESS"
  }
}