{
  "nodes": [
    {
      "nodeId": "4f64297f-e19e-49b3-9104-6785e2827563",
      "names": [
        ""
      ],
      "properties": {
        "CPU_LIMIT": "100m",
        "CPU_REQUESTED": "100m",
        "BLOCKCHAIN_ID": "746d220e-1eb9-4d15-ae1b-a224cee8d396",
        "CLIENT_GROUP_ID": "4f64297f-e19e-49b3-9104-6785e2827563",
        "STORAGE_CLASS_NAME": "gp2",
        "BLOCKCHAIN_VERSION": "0.0.0.0.8333",
        "SIGNATURE_SAVE": "SIGNATURE",
        "ZONE_NAME": "k8s-zone-A",
        "NODE_NAME": "client-11",
        "CLIENT_CONFIG_PROPERTIES": "{\n}",
        "ENCRYPT_SECRETS": "False",
        "CLIENT_ENDPOINT": "https://{{ip}}:8545",
        "MEMORY_REQUESTED": "500Mi",
        "NUM_BFT_CLIENTS": "15",
        "STORAGE_REQUESTED": "8Gi",
        "CLIENT_POSTGRES_PROPERTIES": "{\n  \"values\": {\n    \"max_connections\": \"300\",\n    \"shared_buffers\": \"4GB\",\n    \"effective_cache_size\": \"12GB\",\n    \"maintenance_work_mem\": \"1GB\",\n    \"checkpoint_completion_target\": \"0.9\",\n    \"wal_buffers\": \"16MB\",\n    \"default_statistics_target\": \"100\",\n    \"random_page_cost\": \"4\",\n    \"effective_io_concurrency\": \"2\",\n    \"work_mem\": \"40MB\",\n    \"min_wal_size\": \"2GB\",\n    \"max_wal_size\": \"8GB\",\n    \"max_worker_processes\": \"4\",\n    \"max_parallel_workers_per_gather\": \"2\",\n    \"max_parallel_workers\": \"4\",\n    \"max_parallel_maintenance_workers\": \"2\"\n  }\n}",
        "PRIVATE_IP": "client-11",
        "MEMORY_LIMIT": "500Mi",
        "CLIENT_BACKUP_ENABLED": "false"
      }
    },
    {
      "nodeId": "44ea631c-cb91-4417-a9a6-fbb27396aa93",
      "names": [
        ""
      ],
      "properties": {
        "CPU_LIMIT": "100m",
        "CPU_REQUESTED": "100m",
        "BLOCKCHAIN_ID": "746d220e-1eb9-4d15-ae1b-a224cee8d396",
        "STORAGE_CLASS_NAME": "gp2",
        "BLOCKCHAIN_VERSION": "0.0.0.0.8333",
        "SIGNATURE_SAVE": "SIGNATURE",
        "ZONE_NAME": "k8s-zone-A",
        "NODE_NAME": "replica-2",
        "ENCRYPT_SECRETS": "False",
        "MEMORY_REQUESTED": "2000Mi",
        "NUM_BFT_CLIENTS": "15",
        "STORAGE_REQUESTED": "8Gi",
        "PRIVATE_IP": "replica-2",
        "MEMORY_LIMIT": "2000Mi"
      }
    },
    {
      "nodeId": "b74a9bd4-110e-4d9b-942c-a5984600abe6",
      "names": [
        ""
      ],
      "properties": {
        "CPU_LIMIT": "100m",
        "CPU_REQUESTED": "100m",
        "BLOCKCHAIN_ID": "746d220e-1eb9-4d15-ae1b-a224cee8d396",
        "CLIENT_GROUP_ID": "b74a9bd4-110e-4d9b-942c-a5984600abe6",
        "STORAGE_CLASS_NAME": "gp2",
        "BLOCKCHAIN_VERSION": "0.0.0.0.8333",
        "SIGNATURE_SAVE": "SIGNATURE",
        "ZONE_NAME": "k8s-zone-A",
        "NODE_NAME": "client-4",
        "CLIENT_CONFIG_PROPERTIES": "{\n}",
        "ENCRYPT_SECRETS": "False",
        "CLIENT_ENDPOINT": "https://{{ip}}:8545",
        "MEMORY_REQUESTED": "500Mi",
        "NUM_BFT_CLIENTS": "15",
        "STORAGE_REQUESTED": "8Gi",
        "CLIENT_POSTGRES_PROPERTIES": "{\n  \"values\": {\n    \"max_connections\": \"300\",\n    \"shared_buffers\": \"4GB\",\n    \"effective_cache_size\": \"12GB\",\n    \"maintenance_work_mem\": \"1GB\",\n    \"checkpoint_completion_target\": \"0.9\",\n    \"wal_buffers\": \"16MB\",\n    \"default_statistics_target\": \"100\",\n    \"random_page_cost\": \"4\",\n    \"effective_io_concurrency\": \"2\",\n    \"work_mem\": \"40MB\",\n    \"min_wal_size\": \"2GB\",\n    \"max_wal_size\": \"8GB\",\n    \"max_worker_processes\": \"4\",\n    \"max_parallel_workers_per_gather\": \"2\",\n    \"max_parallel_workers\": \"4\",\n    \"max_parallel_maintenance_workers\": \"2\"\n  }\n}",
        "PRIVATE_IP": "client-4",
        "MEMORY_LIMIT": "500Mi",
        "CLIENT_BACKUP_ENABLED": "false"
      }
    },
    {
      "nodeId": "c3fb29c7-4eb6-42ed-ab4b-12fe8f3a679d",
      "names": [
        ""
      ],
      "properties": {
        "CPU_LIMIT": "100m",
        "CPU_REQUESTED": "100m",
        "BLOCKCHAIN_ID": "746d220e-1eb9-4d15-ae1b-a224cee8d396",
        "CLIENT_GROUP_ID": "c3fb29c7-4eb6-42ed-ab4b-12fe8f3a679d",
        "STORAGE_CLASS_NAME": "gp2",
        "BLOCKCHAIN_VERSION": "0.0.0.0.8333",
        "SIGNATURE_SAVE": "SIGNATURE",
        "ZONE_NAME": "k8s-zone-A",
        "NODE_NAME": "client-8",
        "CLIENT_CONFIG_PROPERTIES": "{\n}",
        "ENCRYPT_SECRETS": "False",
        "CLIENT_ENDPOINT": "https://{{ip}}:8545",
        "MEMORY_REQUESTED": "500Mi",
        "NUM_BFT_CLIENTS": "15",
        "STORAGE_REQUESTED": "8Gi",
        "CLIENT_POSTGRES_PROPERTIES": "{\n  \"values\": {\n    \"max_connections\": \"300\",\n    \"shared_buffers\": \"4GB\",\n    \"effective_cache_size\": \"12GB\",\n    \"maintenance_work_mem\": \"1GB\",\n    \"checkpoint_completion_target\": \"0.9\",\n    \"wal_buffers\": \"16MB\",\n    \"default_statistics_target\": \"100\",\n    \"random_page_cost\": \"4\",\n    \"effective_io_concurrency\": \"2\",\n    \"work_mem\": \"40MB\",\n    \"min_wal_size\": \"2GB\",\n    \"max_wal_size\": \"8GB\",\n    \"max_worker_processes\": \"4\",\n    \"max_parallel_workers_per_gather\": \"2\",\n    \"max_parallel_workers\": \"4\",\n    \"max_parallel_maintenance_workers\": \"2\"\n  }\n}",
        "PRIVATE_IP": "client-8",
        "MEMORY_LIMIT": "500Mi",
        "CLIENT_BACKUP_ENABLED": "false"
      }
    },
    {
      "nodeId": "a731fa07-4633-4c60-9272-abdf3ff200e3",
      "names": [
        ""
      ],
      "properties": {
        "CPU_LIMIT": "100m",
        "CPU_REQUESTED": "100m",
        "BLOCKCHAIN_ID": "746d220e-1eb9-4d15-ae1b-a224cee8d396",
        "CLIENT_GROUP_ID": "a731fa07-4633-4c60-9272-abdf3ff200e3",
        "STORAGE_CLASS_NAME": "gp2",
        "BLOCKCHAIN_VERSION": "0.0.0.0.8333",
        "SIGNATURE_SAVE": "SIGNATURE",
        "ZONE_NAME": "k8s-zone-A",
        "NODE_NAME": "client-10",
        "CLIENT_CONFIG_PROPERTIES": "{\n}",
        "ENCRYPT_SECRETS": "False",
        "CLIENT_ENDPOINT": "https://{{ip}}:8545",
        "MEMORY_REQUESTED": "500Mi",
        "NUM_BFT_CLIENTS": "15",
        "STORAGE_REQUESTED": "8Gi",
        "CLIENT_POSTGRES_PROPERTIES": "{\n  \"values\": {\n    \"max_connections\": \"300\",\n    \"shared_buffers\": \"4GB\",\n    \"effective_cache_size\": \"12GB\",\n    \"maintenance_work_mem\": \"1GB\",\n    \"checkpoint_completion_target\": \"0.9\",\n    \"wal_buffers\": \"16MB\",\n    \"default_statistics_target\": \"100\",\n    \"random_page_cost\": \"4\",\n    \"effective_io_concurrency\": \"2\",\n    \"work_mem\": \"40MB\",\n    \"min_wal_size\": \"2GB\",\n    \"max_wal_size\": \"8GB\",\n    \"max_worker_processes\": \"4\",\n    \"max_parallel_workers_per_gather\": \"2\",\n    \"max_parallel_workers\": \"4\",\n    \"max_parallel_maintenance_workers\": \"2\"\n  }\n}",
        "PRIVATE_IP": "client-10",
        "MEMORY_LIMIT": "500Mi",
        "CLIENT_BACKUP_ENABLED": "false"
      }
    },
    {
      "nodeId": "5b5c7823-9a09-4dbe-a0cc-0583c4e8186f",
      "names": [
        ""
      ],
      "properties": {
        "CPU_LIMIT": "100m",
        "CPU_REQUESTED": "100m",
        "BLOCKCHAIN_ID": "746d220e-1eb9-4d15-ae1b-a224cee8d396",
        "CLIENT_GROUP_ID": "5b5c7823-9a09-4dbe-a0cc-0583c4e8186f",
        "STORAGE_CLASS_NAME": "gp2",
        "BLOCKCHAIN_VERSION": "0.0.0.0.8333",
        "SIGNATURE_SAVE": "SIGNATURE",
        "ZONE_NAME": "k8s-zone-A",
        "NODE_NAME": "client-6",
        "CLIENT_CONFIG_PROPERTIES": "{\n}",
        "ENCRYPT_SECRETS": "False",
        "CLIENT_ENDPOINT": "https://{{ip}}:8545",
        "MEMORY_REQUESTED": "500Mi",
        "NUM_BFT_CLIENTS": "15",
        "STORAGE_REQUESTED": "8Gi",
        "CLIENT_POSTGRES_PROPERTIES": "{\n  \"values\": {\n    \"max_connections\": \"300\",\n    \"shared_buffers\": \"4GB\",\n    \"effective_cache_size\": \"12GB\",\n    \"maintenance_work_mem\": \"1GB\",\n    \"checkpoint_completion_target\": \"0.9\",\n    \"wal_buffers\": \"16MB\",\n    \"default_statistics_target\": \"100\",\n    \"random_page_cost\": \"4\",\n    \"effective_io_concurrency\": \"2\",\n    \"work_mem\": \"40MB\",\n    \"min_wal_size\": \"2GB\",\n    \"max_wal_size\": \"8GB\",\n    \"max_worker_processes\": \"4\",\n    \"max_parallel_workers_per_gather\": \"2\",\n    \"max_parallel_workers\": \"4\",\n    \"max_parallel_maintenance_workers\": \"2\"\n  }\n}",
        "PRIVATE_IP": "client-6",
        "MEMORY_LIMIT": "500Mi",
        "CLIENT_BACKUP_ENABLED": "false"
      }
    },
    {
      "nodeId": "2e3ec954-1a2b-477a-ac2b-16a45969a5ae",
      "names": [
        ""
      ],
      "properties": {
        "CPU_LIMIT": "100m",
        "CPU_REQUESTED": "100m",
        "BLOCKCHAIN_ID": "746d220e-1eb9-4d15-ae1b-a224cee8d396",
        "CLIENT_GROUP_ID": "2e3ec954-1a2b-477a-ac2b-16a45969a5ae",
        "STORAGE_CLASS_NAME": "gp2",
        "BLOCKCHAIN_VERSION": "0.0.0.0.8333",
        "SIGNATURE_SAVE": "SIGNATURE",
        "ZONE_NAME": "k8s-zone-A",
        "NODE_NAME": "client-7",
        "CLIENT_CONFIG_PROPERTIES": "{\n}",
        "ENCRYPT_SECRETS": "False",
        "CLIENT_ENDPOINT": "https://{{ip}}:8545",
        "MEMORY_REQUESTED": "500Mi",
        "NUM_BFT_CLIENTS": "15",
        "STORAGE_REQUESTED": "8Gi",
        "CLIENT_POSTGRES_PROPERTIES": "{\n  \"values\": {\n    \"max_connections\": \"300\",\n    \"shared_buffers\": \"4GB\",\n    \"effective_cache_size\": \"12GB\",\n    \"maintenance_work_mem\": \"1GB\",\n    \"checkpoint_completion_target\": \"0.9\",\n    \"wal_buffers\": \"16MB\",\n    \"default_statistics_target\": \"100\",\n    \"random_page_cost\": \"4\",\n    \"effective_io_concurrency\": \"2\",\n    \"work_mem\": \"40MB\",\n    \"min_wal_size\": \"2GB\",\n    \"max_wal_size\": \"8GB\",\n    \"max_worker_processes\": \"4\",\n    \"max_parallel_workers_per_gather\": \"2\",\n    \"max_parallel_workers\": \"4\",\n    \"max_parallel_maintenance_workers\": \"2\"\n  }\n}",
        "PRIVATE_IP": "client-7",
        "MEMORY_LIMIT": "500Mi",
        "CLIENT_BACKUP_ENABLED": "false"
      }
    },
    {
      "nodeId": "d85a00b9-878c-4bb5-afde-ad994be5570a",
      "names": [
        ""
      ],
      "properties": {
        "CPU_LIMIT": "100m",
        "CPU_REQUESTED": "100m",
        "BLOCKCHAIN_ID": "746d220e-1eb9-4d15-ae1b-a224cee8d396",
        "CLIENT_GROUP_ID": "d85a00b9-878c-4bb5-afde-ad994be5570a",
        "STORAGE_CLASS_NAME": "gp2",
        "BLOCKCHAIN_VERSION": "0.0.0.0.8333",
        "SIGNATURE_SAVE": "SIGNATURE",
        "ZONE_NAME": "k8s-zone-A",
        "NODE_NAME": "client-0",
        "CLIENT_CONFIG_PROPERTIES": "{\n}",
        "ENCRYPT_SECRETS": "False",
        "CLIENT_ENDPOINT": "https://{{ip}}:8545",
        "MEMORY_REQUESTED": "500Mi",
        "NUM_BFT_CLIENTS": "15",
        "STORAGE_REQUESTED": "8Gi",
        "CLIENT_POSTGRES_PROPERTIES": "{\n  \"values\": {\n    \"max_connections\": \"300\",\n    \"shared_buffers\": \"4GB\",\n    \"effective_cache_size\": \"12GB\",\n    \"maintenance_work_mem\": \"1GB\",\n    \"checkpoint_completion_target\": \"0.9\",\n    \"wal_buffers\": \"16MB\",\n    \"default_statistics_target\": \"100\",\n    \"random_page_cost\": \"4\",\n    \"effective_io_concurrency\": \"2\",\n    \"work_mem\": \"40MB\",\n    \"min_wal_size\": \"2GB\",\n    \"max_wal_size\": \"8GB\",\n    \"max_worker_processes\": \"4\",\n    \"max_parallel_workers_per_gather\": \"2\",\n    \"max_parallel_workers\": \"4\",\n    \"max_parallel_maintenance_workers\": \"2\"\n  }\n}",
        "PRIVATE_IP": "client-0",
        "MEMORY_LIMIT": "500Mi",
        "CLIENT_BACKUP_ENABLED": "false"
      }
    },
    {
      "nodeId": "8853e04d-5f90-456c-8ec9-aa4a362ef7c4",
      "names": [
        ""
      ],
      "properties": {
        "CPU_LIMIT": "100m",
        "CPU_REQUESTED": "100m",
        "BLOCKCHAIN_ID": "746d220e-1eb9-4d15-ae1b-a224cee8d396",
        "STORAGE_CLASS_NAME": "gp2",
        "BLOCKCHAIN_VERSION": "0.0.0.0.8333",
        "SIGNATURE_SAVE": "SIGNATURE",
        "ZONE_NAME": "k8s-zone-A",
        "NODE_NAME": "replica-1",
        "ENCRYPT_SECRETS": "False",
        "MEMORY_REQUESTED": "2000Mi",
        "NUM_BFT_CLIENTS": "15",
        "STORAGE_REQUESTED": "8Gi",
        "PRIVATE_IP": "replica-1",
        "MEMORY_LIMIT": "2000Mi"
      }
    },
    {
      "nodeId": "31e4ab7e-c5d6-43d9-8a23-fcefdbaf02dd",
      "names": [
        ""
      ],
      "properties": {
        "CPU_LIMIT": "100m",
        "CPU_REQUESTED": "100m",
        "BLOCKCHAIN_ID": "746d220e-1eb9-4d15-ae1b-a224cee8d396",
        "CLIENT_GROUP_ID": "31e4ab7e-c5d6-43d9-8a23-fcefdbaf02dd",
        "STORAGE_CLASS_NAME": "gp2",
        "BLOCKCHAIN_VERSION": "0.0.0.0.8333",
        "SIGNATURE_SAVE": "SIGNATURE",
        "ZONE_NAME": "k8s-zone-A",
        "NODE_NAME": "client-3",
        "CLIENT_CONFIG_PROPERTIES": "{\n}",
        "ENCRYPT_SECRETS": "False",
        "CLIENT_ENDPOINT": "https://{{ip}}:8545",
        "MEMORY_REQUESTED": "500Mi",
        "NUM_BFT_CLIENTS": "15",
        "STORAGE_REQUESTED": "8Gi",
        "CLIENT_POSTGRES_PROPERTIES": "{\n  \"values\": {\n    \"max_connections\": \"300\",\n    \"shared_buffers\": \"4GB\",\n    \"effective_cache_size\": \"12GB\",\n    \"maintenance_work_mem\": \"1GB\",\n    \"checkpoint_completion_target\": \"0.9\",\n    \"wal_buffers\": \"16MB\",\n    \"default_statistics_target\": \"100\",\n    \"random_page_cost\": \"4\",\n    \"effective_io_concurrency\": \"2\",\n    \"work_mem\": \"40MB\",\n    \"min_wal_size\": \"2GB\",\n    \"max_wal_size\": \"8GB\",\n    \"max_worker_processes\": \"4\",\n    \"max_parallel_workers_per_gather\": \"2\",\n    \"max_parallel_workers\": \"4\",\n    \"max_parallel_maintenance_workers\": \"2\"\n  }\n}",
        "PRIVATE_IP": "client-3",
        "MEMORY_LIMIT": "500Mi",
        "CLIENT_BACKUP_ENABLED": "false"
      }
    },
    {
      "nodeId": "f8129669-b9ae-45fd-a46b-97bac34a78d3",
      "names": [
        ""
      ],
      "properties": {
        "CPU_LIMIT": "100m",
        "CPU_REQUESTED": "100m",
        "BLOCKCHAIN_ID": "746d220e-1eb9-4d15-ae1b-a224cee8d396",
        "CLIENT_GROUP_ID": "f8129669-b9ae-45fd-a46b-97bac34a78d3",
        "STORAGE_CLASS_NAME": "gp2",
        "BLOCKCHAIN_VERSION": "0.0.0.0.8333",
        "SIGNATURE_SAVE": "SIGNATURE",
        "ZONE_NAME": "k8s-zone-A",
        "NODE_NAME": "client-5",
        "CLIENT_CONFIG_PROPERTIES": "{\n}",
        "ENCRYPT_SECRETS": "False",
        "CLIENT_ENDPOINT": "https://{{ip}}:8545",
        "MEMORY_REQUESTED": "500Mi",
        "NUM_BFT_CLIENTS": "15",
        "STORAGE_REQUESTED": "8Gi",
        "CLIENT_POSTGRES_PROPERTIES": "{\n  \"values\": {\n    \"max_connections\": \"300\",\n    \"shared_buffers\": \"4GB\",\n    \"effective_cache_size\": \"12GB\",\n    \"maintenance_work_mem\": \"1GB\",\n    \"checkpoint_completion_target\": \"0.9\",\n    \"wal_buffers\": \"16MB\",\n    \"default_statistics_target\": \"100\",\n    \"random_page_cost\": \"4\",\n    \"effective_io_concurrency\": \"2\",\n    \"work_mem\": \"40MB\",\n    \"min_wal_size\": \"2GB\",\n    \"max_wal_size\": \"8GB\",\n    \"max_worker_processes\": \"4\",\n    \"max_parallel_workers_per_gather\": \"2\",\n    \"max_parallel_workers\": \"4\",\n    \"max_parallel_maintenance_workers\": \"2\"\n  }\n}",
        "PRIVATE_IP": "client-5",
        "MEMORY_LIMIT": "500Mi",
        "CLIENT_BACKUP_ENABLED": "false"
      }
    },
    {
      "nodeId": "f4fdd079-3422-44de-be61-77cd902efd75",
      "names": [
        ""
      ],
      "properties": {
        "CPU_LIMIT": "100m",
        "CPU_REQUESTED": "100m",
        "BLOCKCHAIN_ID": "746d220e-1eb9-4d15-ae1b-a224cee8d396",
        "CLIENT_GROUP_ID": "f4fdd079-3422-44de-be61-77cd902efd75",
        "STORAGE_CLASS_NAME": "gp2",
        "BLOCKCHAIN_VERSION": "0.0.0.0.8333",
        "SIGNATURE_SAVE": "SIGNATURE",
        "ZONE_NAME": "k8s-zone-A",
        "NODE_NAME": "client-9",
        "CLIENT_CONFIG_PROPERTIES": "{\n}",
        "ENCRYPT_SECRETS": "False",
        "CLIENT_ENDPOINT": "https://{{ip}}:8545",
        "MEMORY_REQUESTED": "500Mi",
        "NUM_BFT_CLIENTS": "15",
        "STORAGE_REQUESTED": "8Gi",
        "CLIENT_POSTGRES_PROPERTIES": "{\n  \"values\": {\n    \"max_connections\": \"300\",\n    \"shared_buffers\": \"4GB\",\n    \"effective_cache_size\": \"12GB\",\n    \"maintenance_work_mem\": \"1GB\",\n    \"checkpoint_completion_target\": \"0.9\",\n    \"wal_buffers\": \"16MB\",\n    \"default_statistics_target\": \"100\",\n    \"random_page_cost\": \"4\",\n    \"effective_io_concurrency\": \"2\",\n    \"work_mem\": \"40MB\",\n    \"min_wal_size\": \"2GB\",\n    \"max_wal_size\": \"8GB\",\n    \"max_worker_processes\": \"4\",\n    \"max_parallel_workers_per_gather\": \"2\",\n    \"max_parallel_workers\": \"4\",\n    \"max_parallel_maintenance_workers\": \"2\"\n  }\n}",
        "PRIVATE_IP": "client-9",
        "MEMORY_LIMIT": "500Mi",
        "CLIENT_BACKUP_ENABLED": "false"
      }
    },
    {
      "nodeId": "4e119e59-bc0d-4cb3-a59d-9a2083f09728",
      "names": [
        ""
      ],
      "properties": {
        "CPU_LIMIT": "100m",
        "CPU_REQUESTED": "100m",
        "BLOCKCHAIN_ID": "746d220e-1eb9-4d15-ae1b-a224cee8d396",
        "CLIENT_GROUP_ID": "4e119e59-bc0d-4cb3-a59d-9a2083f09728",
        "STORAGE_CLASS_NAME": "gp2",
        "BLOCKCHAIN_VERSION": "0.0.0.0.8333",
        "SIGNATURE_SAVE": "SIGNATURE",
        "ZONE_NAME": "k8s-zone-A",
        "NODE_NAME": "client-2",
        "CLIENT_CONFIG_PROPERTIES": "{\n}",
        "ENCRYPT_SECRETS": "False",
        "CLIENT_ENDPOINT": "https://{{ip}}:8545",
        "MEMORY_REQUESTED": "500Mi",
        "NUM_BFT_CLIENTS": "15",
        "STORAGE_REQUESTED": "8Gi",
        "CLIENT_POSTGRES_PROPERTIES": "{\n  \"values\": {\n    \"max_connections\": \"300\",\n    \"shared_buffers\": \"4GB\",\n    \"effective_cache_size\": \"12GB\",\n    \"maintenance_work_mem\": \"1GB\",\n    \"checkpoint_completion_target\": \"0.9\",\n    \"wal_buffers\": \"16MB\",\n    \"default_statistics_target\": \"100\",\n    \"random_page_cost\": \"4\",\n    \"effective_io_concurrency\": \"2\",\n    \"work_mem\": \"40MB\",\n    \"min_wal_size\": \"2GB\",\n    \"max_wal_size\": \"8GB\",\n    \"max_worker_processes\": \"4\",\n    \"max_parallel_workers_per_gather\": \"2\",\n    \"max_parallel_workers\": \"4\",\n    \"max_parallel_maintenance_workers\": \"2\"\n  }\n}",
        "PRIVATE_IP": "client-2",
        "MEMORY_LIMIT": "500Mi",
        "CLIENT_BACKUP_ENABLED": "false"
      }
    },
    {
      "nodeId": "97ba480f-f02c-450c-be33-f5aae59194e5",
      "names": [
        ""
      ],
      "properties": {
        "CPU_LIMIT": "100m",
        "CPU_REQUESTED": "100m",
        "BLOCKCHAIN_ID": "746d220e-1eb9-4d15-ae1b-a224cee8d396",
        "STORAGE_CLASS_NAME": "gp2",
        "BLOCKCHAIN_VERSION": "0.0.0.0.8333",
        "SIGNATURE_SAVE": "SIGNATURE",
        "ZONE_NAME": "k8s-zone-A",
        "NODE_NAME": "replica-0",
        "ENCRYPT_SECRETS": "False",
        "MEMORY_REQUESTED": "2000Mi",
        "NUM_BFT_CLIENTS": "15",
        "STORAGE_REQUESTED": "8Gi",
        "PRIVATE_IP": "replica-0",
        "MEMORY_LIMIT": "2000Mi"
      }
    },
    {
      "nodeId": "b0719d4c-643b-41a0-a4e9-d8daac8f9643",
      "names": [
        ""
      ],
      "properties": {
        "CPU_LIMIT": "100m",
        "CPU_REQUESTED": "100m",
        "BLOCKCHAIN_ID": "746d220e-1eb9-4d15-ae1b-a224cee8d396",
        "CLIENT_GROUP_ID": "b0719d4c-643b-41a0-a4e9-d8daac8f9643",
        "STORAGE_CLASS_NAME": "gp2",
        "BLOCKCHAIN_VERSION": "0.0.0.0.8333",
        "SIGNATURE_SAVE": "SIGNATURE",
        "ZONE_NAME": "k8s-zone-A",
        "NODE_NAME": "client-1",
        "CLIENT_CONFIG_PROPERTIES": "{\n}",
        "ENCRYPT_SECRETS": "False",
        "CLIENT_ENDPOINT": "https://{{ip}}:8545",
        "MEMORY_REQUESTED": "500Mi",
        "NUM_BFT_CLIENTS": "15",
        "STORAGE_REQUESTED": "8Gi",
        "CLIENT_POSTGRES_PROPERTIES": "{\n  \"values\": {\n    \"max_connections\": \"300\",\n    \"shared_buffers\": \"4GB\",\n    \"effective_cache_size\": \"12GB\",\n    \"maintenance_work_mem\": \"1GB\",\n    \"checkpoint_completion_target\": \"0.9\",\n    \"wal_buffers\": \"16MB\",\n    \"default_statistics_target\": \"100\",\n    \"random_page_cost\": \"4\",\n    \"effective_io_concurrency\": \"2\",\n    \"work_mem\": \"40MB\",\n    \"min_wal_size\": \"2GB\",\n    \"max_wal_size\": \"8GB\",\n    \"max_worker_processes\": \"4\",\n    \"max_parallel_workers_per_gather\": \"2\",\n    \"max_parallel_workers\": \"4\",\n    \"max_parallel_maintenance_workers\": \"2\"\n  }\n}",
        "PRIVATE_IP": "client-1",
        "MEMORY_LIMIT": "500Mi",
        "CLIENT_BACKUP_ENABLED": "false"
      }
    },
    {
      "nodeId": "ab643338-6d06-46a9-96f7-ac0b12ef68d6",
      "names": [
        ""
      ],
      "properties": {
        "CPU_LIMIT": "100m",
        "CPU_REQUESTED": "100m",
        "BLOCKCHAIN_ID": "746d220e-1eb9-4d15-ae1b-a224cee8d396",
        "STORAGE_CLASS_NAME": "gp2",
        "BLOCKCHAIN_VERSION": "0.0.0.0.8333",
        "SIGNATURE_SAVE": "SIGNATURE",
        "ZONE_NAME": "k8s-zone-A",
        "NODE_NAME": "replica-3",
        "ENCRYPT_SECRETS": "False",
        "MEMORY_REQUESTED": "2000Mi",
        "NUM_BFT_CLIENTS": "15",
        "STORAGE_REQUESTED": "8Gi",
        "PRIVATE_IP": "replica-3",
        "MEMORY_LIMIT": "2000Mi"
      }
    }
  ],
  "metadata": {
    "deploymentType": "GENERATE",
    "consortiumName": "castor-consortium-1",
    "startingTime": "2023-03-01T22:11:18.140844",
    "blockchainVersion": "0.0.0.0.8333",
    "finishingTime": "2023-03-01T22:11:21.860482",
    "deploymentRequestId": "e8867f1c-0fb3-471a-8ab1-bce25e4ae97c",
    "blockchainId": "746d220e-1eb9-4d15-ae1b-a224cee8d396",
    "consortiumId": "c03a2002-bc36-4337-92a0-5a9343da672a",
    "status": "SUCCESS"
  }
}