{
  "nodes": [
    {
      "nodeId": "16865b60-9754-4479-84de-015f5eed2d6e",
      "names": [
        ""
      ],
      "properties": {
        "CPU_LIMIT": "100m",
        "CPU_REQUESTED": "100m",
        "BLOCKCHAIN_ID": "746d220e-1eb9-4d15-ae1b-a224cee8d396",
        "STORAGE_CLASS_NAME": "gp2",
        "BLOCKCHAIN_VERSION": "0.0.0.0.8341",
        "SIGNATURE_SAVE": "SIGNATURE",
        "ZONE_NAME": "k8s-zone-A",
        "NODE_NAME": "replica-0",
        "ENCRYPT_SECRETS": "False",
        "MEMORY_REQUESTED": "2000Mi",
        "STORAGE_REQUESTED": "8Gi",
        "PRIVATE_IP": "replica-0",
        "MEMORY_LIMIT": "2000Mi"
      }
    },
    {
      "nodeId": "d23b00c3-4f49-46b7-a913-ee1560ce3882",
      "names": [
        ""
      ],
      "properties": {
        "CPU_LIMIT": "100m",
        "CPU_REQUESTED": "100m",
        "BLOCKCHAIN_ID": "746d220e-1eb9-4d15-ae1b-a224cee8d396",
        "STORAGE_CLASS_NAME": "gp2",
        "BLOCKCHAIN_VERSION": "0.0.0.0.8341",
        "SIGNATURE_SAVE": "SIGNATURE",
        "ZONE_NAME": "k8s-zone-A",
        "NODE_NAME": "replica-3",
        "ENCRYPT_SECRETS": "False",
        "MEMORY_REQUESTED": "2000Mi",
        "STORAGE_REQUESTED": "8Gi",
        "PRIVATE_IP": "replica-3",
        "MEMORY_LIMIT": "2000Mi"
      }
    },
    {
      "nodeId": "6dc761c5-0227-42cc-8c5c-e589f1458237",
      "names": [
        ""
      ],
      "properties": {
        "CPU_LIMIT": "100m",
        "CPU_REQUESTED": "100m",
        "BLOCKCHAIN_ID": "746d220e-1eb9-4d15-ae1b-a224cee8d396",
        "CLIENT_GROUP_ID": "6dc761c5-0227-42cc-8c5c-e589f1458237",
        "STORAGE_CLASS_NAME": "gp2",
        "BLOCKCHAIN_VERSION": "0.0.0.0.8341",
        "SIGNATURE_SAVE": "SIGNATURE",
        "ZONE_NAME": "k8s-zone-A",
        "NODE_NAME": "client-0",
        "CLIENT_CONFIG_PROPERTIES": "{\n}",
        "ENCRYPT_SECRETS": "False",
        "CLIENT_ENDPOINT": "https://{{ip}}:8545",
        "MEMORY_REQUESTED": "500Mi",
        "STORAGE_REQUESTED": "8Gi",
        "CLIENT_POSTGRES_PROPERTIES": "{\n  \"values\": {\n    \"max_connections\": \"300\",\n    \"shared_buffers\": \"4GB\",\n    \"effective_cache_size\": \"12GB\",\n    \"maintenance_work_mem\": \"1GB\",\n    \"checkpoint_completion_target\": \"0.9\",\n    \"wal_buffers\": \"16MB\",\n    \"default_statistics_target\": \"100\",\n    \"random_page_cost\": \"4\",\n    \"effective_io_concurrency\": \"2\",\n    \"work_mem\": \"40MB\",\n    \"min_wal_size\": \"2GB\",\n    \"max_wal_size\": \"8GB\",\n    \"max_worker_processes\": \"4\",\n    \"max_parallel_workers_per_gather\": \"2\",\n    \"max_parallel_workers\": \"4\",\n    \"max_parallel_maintenance_workers\": \"2\"\n  }\n}",
        "PRIVATE_IP": "client-0",
        "MEMORY_LIMIT": "500Mi",
        "CLIENT_BACKUP_ENABLED": "false"
      }
    },
    {
      "nodeId": "2a682147-fc2f-46e5-9182-f15a0172cc6a",
      "names": [
        ""
      ],
      "properties": {
        "CPU_LIMIT": "100m",
        "CPU_REQUESTED": "100m",
        "BLOCKCHAIN_ID": "746d220e-1eb9-4d15-ae1b-a224cee8d396",
        "STORAGE_CLASS_NAME": "gp2",
        "BLOCKCHAIN_VERSION": "0.0.0.0.8341",
        "SIGNATURE_SAVE": "SIGNATURE",
        "ZONE_NAME": "k8s-zone-A",
        "NODE_NAME": "replica-2",
        "ENCRYPT_SECRETS": "False",
        "MEMORY_REQUESTED": "2000Mi",
        "STORAGE_REQUESTED": "8Gi",
        "PRIVATE_IP": "replica-2",
        "MEMORY_LIMIT": "2000Mi"
      }
    },
    {
      "nodeId": "feae451a-ea76-4acd-88f1-c4a2c4f3e16d",
      "names": [
        ""
      ],
      "properties": {
        "CPU_LIMIT": "100m",
        "CPU_REQUESTED": "100m",
        "BLOCKCHAIN_ID": "746d220e-1eb9-4d15-ae1b-a224cee8d396",
        "STORAGE_CLASS_NAME": "gp2",
        "BLOCKCHAIN_VERSION": "0.0.0.0.8341",
        "SIGNATURE_SAVE": "SIGNATURE",
        "ZONE_NAME": "k8s-zone-A",
        "NODE_NAME": "replica-1",
        "ENCRYPT_SECRETS": "False",
        "MEMORY_REQUESTED": "2000Mi",
        "STORAGE_REQUESTED": "8Gi",
        "PRIVATE_IP": "replica-1",
        "MEMORY_LIMIT": "2000Mi"
      }
    }
  ],
  "metadata": {
    "deploymentType": "GENERATE",
    "consortiumName": "castor-consortium-1",
    "startingTime": "2023-03-03T00:55:53.07853",
    "blockchainVersion": "0.0.0.0.8341",
    "finishingTime": "2023-03-03T00:55:54.253825",
    "deploymentRequestId": "dc0c1564-43df-459e-af57-b0cbc2e3191a",
    "blockchainId": "746d220e-1eb9-4d15-ae1b-a224cee8d396",
    "consortiumId": "7eb16d0e-b574-471a-a415-72ac7691aba3",
    "status": "SUCCESS"
  }
}