{
  "replicasUuidToPrincipalId": {
    "44ea631c-cb91-4417-a9a6-fbb27396aa93": 2,
    "ab643338-6d06-46a9-96f7-ac0b12ef68d6": 3,
    "8853e04d-5f90-456c-8ec9-aa4a362ef7c4": 1,
    "97ba480f-f02c-450c-be33-f5aae59194e5": 0
  },
  "clientsUuidToPrincipalIds": {
    "b0719d4c-643b-41a0-a4e9-d8daac8f9643": [
      23,
      24,
      25,
      26,
      27,
      28,
      29,
      30,
      31,
      32,
      33,
      34,
      35,
      36,
      37
    ],
    "4e119e59-bc0d-4cb3-a59d-9a2083f09728": [
      38,
      39,
      40,
      41,
      42,
      43,
      44,
      45,
      46,
      47,
      48,
      49,
      50,
      51,
      52
    ],
    "f8129669-b9ae-45fd-a46b-97bac34a78d3": [
      83,
      84,
      85,
      86,
      87,
      88,
      89,
      90,
      91,
      92,
      93,
      94,
      95,
      96,
      97
    ],
    "4f64297f-e19e-49b3-9104-6785e2827563": [
      173,
      174,
      175,
      176,
      177,
      178,
      179,
      180,
      181,
      182,
      183,
      184,
      185,
      186,
      187
    ],
    "2e3ec954-1a2b-477a-ac2b-16a45969a5ae": [
      113,
      114,
      115,
      116,
      117,
      118,
      119,
      120,
      121,
      122,
      123,
      124,
      125,
      126,
      127
    ],
    "c3fb29c7-4eb6-42ed-ab4b-12fe8f3a679d": [
      128,
      129,
      130,
      131,
      132,
      133,
      134,
      135,
      136,
      137,
      138,
      139,
      140,
      141,
      142
    ],
    "d85a00b9-878c-4bb5-afde-ad994be5570a": [
      8,
      9,
      10,
      11,
      12,
      13,
      14,
      15,
      16,
      17,
      18,
      19,
      20,
      21,
      22
    ],
    "b74a9bd4-110e-4d9b-942c-a5984600abe6": [
      68,
      69,
      70,
      71,
      72,
      73,
      74,
      75,
      76,
      77,
      78,
      79,
      80,
      81,
      82
    ],
    "5b5c7823-9a09-4dbe-a0cc-0583c4e8186f": [
      98,
      99,
      100,
      101,
      102,
      103,
      104,
      105,
      106,
      107,
      108,
      109,
      110,
      111,
      112
    ],
    "f4fdd079-3422-44de-be61-77cd902efd75": [
      143,
      144,
      145,
      146,
      147,
      148,
      149,
      150,
      151,
      152,
      153,
      154,
      155,
      156,
      157
    ],
    "a731fa07-4633-4c60-9272-abdf3ff200e3": [
      158,
      159,
      160,
      161,
      162,
      163,
      164,
      165,
      166,
      167,
      168,
      169,
      170,
      171,
      172
    ],
    "31e4ab7e-c5d6-43d9-8a23-fcefdbaf02dd": [
      53,
      54,
      55,
      56,
      57,
      58,
      59,
      60,
      61,
      62,
      63,
      64,
      65,
      66,
      67
    ]
  }
}