{
  "replicasUuidToPrincipalId": {
    "16865b60-9754-4479-84de-015f5eed2d6e": 0,
    "feae451a-ea76-4acd-88f1-c4a2c4f3e16d": 1,
    "2a682147-fc2f-46e5-9182-f15a0172cc6a": 2,
    "d23b00c3-4f49-46b7-a913-ee1560ce3882": 3
  },
  "clientsUuidToPrincipalIds": {
    "6dc761c5-0227-42cc-8c5c-e589f1458237": [
      8,
      9,
      10,
      11,
      12,
      13,
      14,
      15,
      16,
      17,
      18,
      19,
      20,
      21,
      22,
      23,
      24,
      25,
      26,
      27,
      28,
      29,
      30,
      31,
      32,
      33,
      34,
      35,
      36,
      37,
      38,
      39,
      40,
      41,
      42,
      43,
      44,
      45,
      46,
      47,
      48,
      49,
      50,
      51,
      52,
      53,
      54,
      55,
      56,
      57
    ]
  }
}