{
  "replicasUuidToPrincipalId": {
    "1d5e76ff-41a9-4166-ae71-38c0ef7a13cf": 0,
    "c2d6a859-7ad2-4ace-827d-abe15fee789d": 3,
    "d68ad92a-e8c0-4f45-87ed-a15d3f1f2c5c": 2,
    "09902ebb-2acf-4a1b-ae82-26debd13c35b": 1
  },
  "clientsUuidToPrincipalIds": {
    "3483b665-4cea-4392-8f2f-ec2ce4a60a4a": [
      118,
      119,
      120,
      121,
      122,
      123,
      124,
      125,
      126,
      127
    ],
    "b4e0c0b8-558f-4ada-9d1c-1eb9f6ad4619": [
      48,
      49,
      50,
      51,
      52,
      53,
      54,
      55,
      56,
      57
    ],
    "e54a190c-221f-4384-a4ab-cbfd81c556fc": [
      18,
      19,
      20,
      21,
      22,
      23,
      24,
      25,
      26,
      27
    ],
    "62a0bce8-e7fa-4c61-a46a-ec68b04ff2ad": [
      68,
      69,
      70,
      71,
      72,
      73,
      74,
      75,
      76,
      77
    ],
    "817aa6b7-14d2-455d-aa8c-0bfd5a5cd0dd": [
      8,
      9,
      10,
      11,
      12,
      13,
      14,
      15,
      16,
      17
    ],
    "75ee5546-f8af-492c-ad1d-cd2a4ce0b8ac": [
      28,
      29,
      30,
      31,
      32,
      33,
      34,
      35,
      36,
      37
    ],
    "8152946f-fa58-4319-a7b0-83a8cd635e24": [
      88,
      89,
      90,
      91,
      92,
      93,
      94,
      95,
      96,
      97
    ],
    "a974e9a3-c340-4d72-a1d0-2f7069d5156f": [
      78,
      79,
      80,
      81,
      82,
      83,
      84,
      85,
      86,
      87
    ],
    "fb0575c5-75c6-43e6-9d56-d67f10364f30": [
      98,
      99,
      100,
      101,
      102,
      103,
      104,
      105,
      106,
      107
    ],
    "44b813be-491e-46bb-88c8-a44e41571470": [
      58,
      59,
      60,
      61,
      62,
      63,
      64,
      65,
      66,
      67
    ],
    "e0d8e8b6-04e6-49ce-9771-c73a797a0cbf": [
      108,
      109,
      110,
      111,
      112,
      113,
      114,
      115,
      116,
      117
    ],
    "15011712-9dca-426a-9da5-08ba552c6fa1": [
      38,
      39,
      40,
      41,
      42,
      43,
      44,
      45,
      46,
      47
    ]
  }
}