{
  "replicasUuidToPrincipalId": {
    "65a62d09-5aa5-41ef-9e2f-e31416ccf6ee": 2,
    "6e30b82b-4ead-495e-b13f-a98903fabacd": 3,
    "ae8a369b-be20-4a38-b8fd-1ab6c24c93fa": 0,
    "40dd6df9-41b9-4b44-97fe-fe4d567e842d": 1
  },
  "clientsUuidToPrincipalIds": {
    "2d7a67c9-1280-4e35-be6d-aef9f5021a75": [
      8,
      9,
      10,
      11,
      12,
      13,
      14,
      15,
      16,
      17,
      18,
      19,
      20,
      21,
      22,
      23,
      24,
      25,
      26,
      27,
      28,
      29,
      30,
      31,
      32,
      33,
      34,
      35,
      36,
      37,
      38,
      39,
      40,
      41,
      42,
      43,
      44,
      45,
      46,
      47,
      48,
      49,
      50,
      51,
      52,
      53,
      54,
      55,
      56,
      57
    ]
  }
}