{
  "replicasUuidToPrincipalId": {
    "f5f6741f-2d07-4e32-8709-2b4087c27c3b": 2,
    "e7cd95bb-c4f8-479a-9ebb-8ab0a7e8147c": 3,
    "8776cdcb-6be6-4e19-9b4a-e35495e9934a": 1,
    "91c47dfa-1272-4dfb-89b5-0c8d9f43c48a": 0
  },
  "clientsUuidToPrincipalIds": {
    "08419bed-7202-4e32-9be4-0b6c234d11cf": [
      8,
      9,
      10,
      11,
      12,
      13,
      14,
      15,
      16,
      17
    ],
    "e3ef6c11-407d-40f4-a491-664906a8ca56": [
      18,
      19,
      20,
      21,
      22,
      23,
      24,
      25,
      26,
      27
    ]
  }
}