{
  "replicasUuidToPrincipalId": {
    "095286a1-eaa6-46e5-8c94-7a657fef9857": 2,
    "a744b1f3-93d8-460c-8276-0ad4db5f8ee7": 1,
    "53802a6f-acb7-431a-8d85-1743047c03d8": 0,
    "396ae3d3-e145-4024-a8b3-005ee26c74d0": 3
  },
  "clientsUuidToPrincipalIds": {
    "3aad24af-8139-44ff-b841-d83677d3d97e": [
      8,
      9,
      10,
      11,
      12,
      13,
      14,
      15,
      16,
      17,
      18,
      19,
      20,
      21,
      22,
      23,
      24,
      25,
      26,
      27,
      28,
      29,
      30,
      31,
      32,
      33,
      34,
      35,
      36,
      37,
      38,
      39,
      40,
      41,
      42,
      43,
      44,
      45,
      46,
      47,
      48,
      49,
      50,
      51,
      52,
      53,
      54,
      55,
      56,
      57
    ],
    "599be314-fd75-424e-96dc-9675e150ee15": [
      58,
      59,
      60,
      61,
      62,
      63,
      64,
      65,
      66,
      67,
      68,
      69,
      70,
      71,
      72,
      73,
      74,
      75,
      76,
      77,
      78,
      79,
      80,
      81,
      82,
      83,
      84,
      85,
      86,
      87,
      88,
      89,
      90,
      91,
      92,
      93,
      94,
      95,
      96,
      97,
      98,
      99,
      100,
      101,
      102,
      103,
      104,
      105,
      106,
      107
    ]
  }
}