{
  "replicasUuidToPrincipalId": {
    "50f1ccba-3ca2-4272-b902-151602380580": 0,
    "41c44392-2871-42a4-bd80-689709f04caa": 3,
    "540ebfbb-f90a-4a13-abfb-3ba37e9c6d06": 1,
    "a12d780d-a642-436f-8fa1-59581221c688": 2
  },
  "clientsUuidToPrincipalIds": {
    "b03c4ba3-a074-44d7-aca9-09b04e1afd0b": [
      28,
      29,
      30,
      31,
      32,
      33,
      34,
      35,
      36,
      37
    ],
    "72adccc2-461d-4c97-8db0-a876075d5625": [
      18,
      19,
      20,
      21,
      22,
      23,
      24,
      25,
      26,
      27
    ],
    "04479bd0-1f32-4c03-8614-5c369b721781": [
      48,
      49,
      50,
      51,
      52,
      53,
      54,
      55,
      56,
      57
    ],
    "018c4ef8-1137-4dce-ac44-8c75021b44d5": [
      98,
      99,
      100,
      101,
      102,
      103,
      104,
      105,
      106,
      107
    ],
    "25aa81a9-52bd-4bf9-9252-7da6a0df98b0": [
      8,
      9,
      10,
      11,
      12,
      13,
      14,
      15,
      16,
      17
    ],
    "8fad3a66-9e9a-4471-a150-ec691ce5d05b": [
      108,
      109,
      110,
      111,
      112,
      113,
      114,
      115,
      116,
      117
    ],
    "37525849-117e-4385-a443-97da4fbe06af": [
      58,
      59,
      60,
      61,
      62,
      63,
      64,
      65,
      66,
      67
    ],
    "44e6af81-fccc-4d61-bd64-ea6fc71262df": [
      78,
      79,
      80,
      81,
      82,
      83,
      84,
      85,
      86,
      87
    ],
    "78839ae2-0028-44ab-bb55-287f8e72fc7c": [
      88,
      89,
      90,
      91,
      92,
      93,
      94,
      95,
      96,
      97
    ],
    "d6a6befb-3b1c-4a98-83b7-1e9c4384fd8d": [
      38,
      39,
      40,
      41,
      42,
      43,
      44,
      45,
      46,
      47
    ],
    "90d7d00a-ab26-4005-bad3-7d7e279f4dd6": [
      118,
      119,
      120,
      121,
      122,
      123,
      124,
      125,
      126,
      127
    ],
    "f714630e-44eb-4eae-8070-a0fe992c5c66": [
      68,
      69,
      70,
      71,
      72,
      73,
      74,
      75,
      76,
      77
    ]
  }
}