{
  "replicasUuidToPrincipalId": {
    "a2c4f9e7-1cb2-44dd-96ac-180dda2a657c": 0,
    "096e752d-e81b-4399-a575-9ed00c98dcf8": 2,
    "6748a7b3-1d6b-4298-a5b3-e4096e228894": 3,
    "6835b309-7252-40c5-b865-8996021412a7": 1
  },
  "clientsUuidToPrincipalIds": {
    "90b7e645-d7a3-474c-94cf-a8f789910948": [
      98,
      99,
      100,
      101,
      102,
      103,
      104,
      105,
      106,
      107
    ],
    "9a9fc0e4-df56-4556-96c8-bb69a859b8fd": [
      38,
      39,
      40,
      41,
      42,
      43,
      44,
      45,
      46,
      47
    ],
    "55e4a8c7-2a5e-40a6-9da3-d5d62172307f": [
      118,
      119,
      120,
      121,
      122,
      123,
      124,
      125,
      126,
      127
    ],
    "40cdedea-742c-444a-b1e9-585b688178f3": [
      78,
      79,
      80,
      81,
      82,
      83,
      84,
      85,
      86,
      87
    ],
    "605fec4d-2df3-4050-91c6-02d8eaad42e2": [
      18,
      19,
      20,
      21,
      22,
      23,
      24,
      25,
      26,
      27
    ],
    "9c12ba07-895d-4b65-b123-143d577d43ba": [
      8,
      9,
      10,
      11,
      12,
      13,
      14,
      15,
      16,
      17
    ],
    "1bb5ae00-fea7-4bce-99ce-8d1c68b85a68": [
      68,
      69,
      70,
      71,
      72,
      73,
      74,
      75,
      76,
      77
    ],
    "f3739530-2851-4bc9-9be1-387613abd47a": [
      108,
      109,
      110,
      111,
      112,
      113,
      114,
      115,
      116,
      117
    ],
    "35394be7-abb6-4c31-bbaa-03c05989a96e": [
      58,
      59,
      60,
      61,
      62,
      63,
      64,
      65,
      66,
      67
    ],
    "425b4286-71dd-4839-99fb-b789874ae4f9": [
      28,
      29,
      30,
      31,
      32,
      33,
      34,
      35,
      36,
      37
    ],
    "3d2a444b-9acf-4175-a8d3-3e82e2ac5783": [
      88,
      89,
      90,
      91,
      92,
      93,
      94,
      95,
      96,
      97
    ],
    "2ab6cea1-4e3a-4f8f-9c37-d0d72c4c9300": [
      48,
      49,
      50,
      51,
      52,
      53,
      54,
      55,
      56,
      57
    ]
  }
}