{
  "replicasUuidToPrincipalId": {
    "2eacf62a-ff33-4be1-bcfd-7155e73faa64": 0,
    "0a7d1c88-81ff-4cfc-9d48-b3c8527f6ad4": 1,
    "7245cc85-d345-458f-a831-e648dc993803": 2,
    "38f21e9f-5272-48c7-a729-543f5b0b338d": 3
  },
  "clientsUuidToPrincipalIds": {
    "ed7f4966-1763-4aa9-8c7e-c794b9e8307d": [
      8,
      9,
      10,
      11,
      12,
      13,
      14,
      15,
      16,
      17,
      18,
      19,
      20,
      21,
      22,
      23,
      24,
      25,
      26,
      27,
      28,
      29,
      30,
      31,
      32,
      33,
      34,
      35,
      36,
      37,
      38,
      39,
      40,
      41,
      42,
      43,
      44,
      45,
      46,
      47,
      48,
      49,
      50,
      51,
      52,
      53,
      54,
      55,
      56,
      57
    ]
  }
}