{
  "replicasUuidToPrincipalId": {
    "6c643c80-1d91-4218-9e23-75230276362d": 0,
    "5232d1e7-73b9-4f16-95d9-599c3797dd29": 1,
    "e2b6e814-a6df-4e4f-bd96-2aa47b172ec1": 3,
    "935e691a-630e-4f0f-be4a-1afaa766abab": 2
  },
  "clientsUuidToPrincipalIds": {
    "62e4b28a-9706-494c-b1ed-7ded716ea631": [
      58,
      59,
      60,
      61,
      62,
      63,
      64,
      65,
      66,
      67
    ],
    "6bdf06f1-6372-43c9-9865-5279a1383368": [
      88,
      89,
      90,
      91,
      92,
      93,
      94,
      95,
      96,
      97
    ],
    "c1e3cadd-5bb3-413a-ad47-20a009de1a9a": [
      28,
      29,
      30,
      31,
      32,
      33,
      34,
      35,
      36,
      37
    ],
    "6f7b01c0-61e0-45dd-9a97-e60a9f9477a4": [
      98,
      99,
      100,
      101,
      102,
      103,
      104,
      105,
      106,
      107
    ],
    "959a7870-4e30-4cbe-a19a-d174f9b30e69": [
      38,
      39,
      40,
      41,
      42,
      43,
      44,
      45,
      46,
      47
    ],
    "f4f40223-71a1-4f71-baed-2507a939ec89": [
      8,
      9,
      10,
      11,
      12,
      13,
      14,
      15,
      16,
      17
    ],
    "287c4252-eba5-42d5-a4f5-26bdc47e3fed": [
      108,
      109,
      110,
      111,
      112,
      113,
      114,
      115,
      116,
      117
    ],
    "514544ea-e1e9-4b2c-9e8c-f82c624eb73d": [
      68,
      69,
      70,
      71,
      72,
      73,
      74,
      75,
      76,
      77
    ],
    "eabc1a6c-9404-4cb8-a899-31c13bc21319": [
      118,
      119,
      120,
      121,
      122,
      123,
      124,
      125,
      126,
      127
    ],
    "a1db2ac0-75f2-4125-8592-fd7d9953a7a9": [
      78,
      79,
      80,
      81,
      82,
      83,
      84,
      85,
      86,
      87
    ],
    "ad452d5c-e460-4da8-88ed-ac9ef6a1c885": [
      18,
      19,
      20,
      21,
      22,
      23,
      24,
      25,
      26,
      27
    ],
    "5e063c93-70dd-4370-aade-1d2408355c91": [
      48,
      49,
      50,
      51,
      52,
      53,
      54,
      55,
      56,
      57
    ]
  }
}