{
  "replicasUuidToPrincipalId": {
    "26e6e3bd-547f-417c-8d60-0ce46c7259af": 0,
    "81c1af7b-eb49-4cad-8eb4-e1b290a9deb6": 3,
    "aea56fdf-4b8e-4183-8045-5367a4051b61": 2,
    "5bbd0e42-5b6d-4cc7-84f7-597993af4f00": 1
  },
  "clientsUuidToPrincipalIds": {
    "5ba66849-2801-4a51-a59c-fe94d56d82be": [
      8,
      9,
      10,
      11,
      12,
      13,
      14,
      15,
      16,
      17,
      18,
      19,
      20,
      21,
      22,
      23,
      24,
      25,
      26,
      27,
      28,
      29,
      30,
      31,
      32,
      33,
      34,
      35,
      36,
      37,
      38,
      39,
      40,
      41,
      42,
      43,
      44,
      45,
      46,
      47,
      48,
      49,
      50,
      51,
      52,
      53,
      54,
      55,
      56,
      57
    ]
  }
}