{
  "nodes": [
    {
      "nodeId": "e2b6e814-a6df-4e4f-bd96-2aa47b172ec1",
      "names": [
        ""
      ],
      "properties": {
        "CPU_LIMIT": "500m",
        "CPU_REQUESTED": "500m",
        "BLOCKCHAIN_ID": "746d220e-1eb9-4d15-ae1b-a224cee8d396",
        "STORAGE_CLASS_NAME": "gp2",
        "BLOCKCHAIN_VERSION": "0.0.0.0.8361",
        "SIGNATURE_SAVE": "SIGNATURE",
        "ZONE_NAME": "k8s-zone-A",
        "NODE_NAME": "replica-3",
        "ENCRYPT_SECRETS": "False",
        "MEMORY_REQUESTED": "6000Mi",
        "STORAGE_REQUESTED": "8Gi",
        "PRIVATE_IP": "replica-3",
        "MEMORY_LIMIT": "6000Mi"
      }
    },
    {
      "nodeId": "514544ea-e1e9-4b2c-9e8c-f82c624eb73d",
      "names": [
        ""
      ],
      "properties": {
        "CPU_LIMIT": "100m",
        "CPU_REQUESTED": "100m",
        "BLOCKCHAIN_ID": "746d220e-1eb9-4d15-ae1b-a224cee8d396",
        "CLIENT_GROUP_ID": "514544ea-e1e9-4b2c-9e8c-f82c624eb73d",
        "STORAGE_CLASS_NAME": "gp2",
        "BLOCKCHAIN_VERSION": "0.0.0.0.8361",
        "SIGNATURE_SAVE": "SIGNATURE",
        "ZONE_NAME": "k8s-zone-A",
        "NODE_NAME": "client-6",
        "CLIENT_CONFIG_PROPERTIES": "{\n}",
        "ENCRYPT_SECRETS": "False",
        "CLIENT_ENDPOINT": "https://{{ip}}:8545",
        "MEMORY_REQUESTED": "500Mi",
        "STORAGE_REQUESTED": "8Gi",
        "CLIENT_POSTGRES_PROPERTIES": "{\n  \"values\": {\n    \"max_connections\": \"300\",\n    \"shared_buffers\": \"4GB\",\n    \"effective_cache_size\": \"12GB\",\n    \"maintenance_work_mem\": \"1GB\",\n    \"checkpoint_completion_target\": \"0.9\",\n    \"wal_buffers\": \"16MB\",\n    \"default_statistics_target\": \"100\",\n    \"random_page_cost\": \"4\",\n    \"effective_io_concurrency\": \"2\",\n    \"work_mem\": \"40MB\",\n    \"min_wal_size\": \"2GB\",\n    \"max_wal_size\": \"8GB\",\n    \"max_worker_processes\": \"4\",\n    \"max_parallel_workers_per_gather\": \"2\",\n    \"max_parallel_workers\": \"4\",\n    \"max_parallel_maintenance_workers\": \"2\"\n  }\n}",
        "PRIVATE_IP": "client-6",
        "MEMORY_LIMIT": "500Mi",
        "CLIENT_BACKUP_ENABLED": "false"
      }
    },
    {
      "nodeId": "5e063c93-70dd-4370-aade-1d2408355c91",
      "names": [
        ""
      ],
      "properties": {
        "CPU_LIMIT": "100m",
        "CPU_REQUESTED": "100m",
        "BLOCKCHAIN_ID": "746d220e-1eb9-4d15-ae1b-a224cee8d396",
        "CLIENT_GROUP_ID": "5e063c93-70dd-4370-aade-1d2408355c91",
        "STORAGE_CLASS_NAME": "gp2",
        "BLOCKCHAIN_VERSION": "0.0.0.0.8361",
        "SIGNATURE_SAVE": "SIGNATURE",
        "ZONE_NAME": "k8s-zone-A",
        "NODE_NAME": "client-4",
        "CLIENT_CONFIG_PROPERTIES": "{\n}",
        "ENCRYPT_SECRETS": "False",
        "CLIENT_ENDPOINT": "https://{{ip}}:8545",
        "MEMORY_REQUESTED": "500Mi",
        "STORAGE_REQUESTED": "8Gi",
        "CLIENT_POSTGRES_PROPERTIES": "{\n  \"values\": {\n    \"max_connections\": \"300\",\n    \"shared_buffers\": \"4GB\",\n    \"effective_cache_size\": \"12GB\",\n    \"maintenance_work_mem\": \"1GB\",\n    \"checkpoint_completion_target\": \"0.9\",\n    \"wal_buffers\": \"16MB\",\n    \"default_statistics_target\": \"100\",\n    \"random_page_cost\": \"4\",\n    \"effective_io_concurrency\": \"2\",\n    \"work_mem\": \"40MB\",\n    \"min_wal_size\": \"2GB\",\n    \"max_wal_size\": \"8GB\",\n    \"max_worker_processes\": \"4\",\n    \"max_parallel_workers_per_gather\": \"2\",\n    \"max_parallel_workers\": \"4\",\n    \"max_parallel_maintenance_workers\": \"2\"\n  }\n}",
        "PRIVATE_IP": "client-4",
        "MEMORY_LIMIT": "500Mi",
        "CLIENT_BACKUP_ENABLED": "false"
      }
    },
    {
      "nodeId": "a1db2ac0-75f2-4125-8592-fd7d9953a7a9",
      "names": [
        ""
      ],
      "properties": {
        "CPU_LIMIT": "100m",
        "CPU_REQUESTED": "100m",
        "BLOCKCHAIN_ID": "746d220e-1eb9-4d15-ae1b-a224cee8d396",
        "CLIENT_GROUP_ID": "a1db2ac0-75f2-4125-8592-fd7d9953a7a9",
        "STORAGE_CLASS_NAME": "gp2",
        "BLOCKCHAIN_VERSION": "0.0.0.0.8361",
        "SIGNATURE_SAVE": "SIGNATURE",
        "ZONE_NAME": "k8s-zone-A",
        "NODE_NAME": "client-7",
        "CLIENT_CONFIG_PROPERTIES": "{\n}",
        "ENCRYPT_SECRETS": "False",
        "CLIENT_ENDPOINT": "https://{{ip}}:8545",
        "MEMORY_REQUESTED": "500Mi",
        "STORAGE_REQUESTED": "8Gi",
        "CLIENT_POSTGRES_PROPERTIES": "{\n  \"values\": {\n    \"max_connections\": \"300\",\n    \"shared_buffers\": \"4GB\",\n    \"effective_cache_size\": \"12GB\",\n    \"maintenance_work_mem\": \"1GB\",\n    \"checkpoint_completion_target\": \"0.9\",\n    \"wal_buffers\": \"16MB\",\n    \"default_statistics_target\": \"100\",\n    \"random_page_cost\": \"4\",\n    \"effective_io_concurrency\": \"2\",\n    \"work_mem\": \"40MB\",\n    \"min_wal_size\": \"2GB\",\n    \"max_wal_size\": \"8GB\",\n    \"max_worker_processes\": \"4\",\n    \"max_parallel_workers_per_gather\": \"2\",\n    \"max_parallel_workers\": \"4\",\n    \"max_parallel_maintenance_workers\": \"2\"\n  }\n}",
        "PRIVATE_IP": "client-7",
        "MEMORY_LIMIT": "500Mi",
        "CLIENT_BACKUP_ENABLED": "false"
      }
    },
    {
      "nodeId": "5232d1e7-73b9-4f16-95d9-599c3797dd29",
      "names": [
        ""
      ],
      "properties": {
        "CPU_LIMIT": "500m",
        "CPU_REQUESTED": "500m",
        "BLOCKCHAIN_ID": "746d220e-1eb9-4d15-ae1b-a224cee8d396",
        "STORAGE_CLASS_NAME": "gp2",
        "BLOCKCHAIN_VERSION": "0.0.0.0.8361",
        "SIGNATURE_SAVE": "SIGNATURE",
        "ZONE_NAME": "k8s-zone-A",
        "NODE_NAME": "replica-1",
        "ENCRYPT_SECRETS": "False",
        "MEMORY_REQUESTED": "6000Mi",
        "STORAGE_REQUESTED": "8Gi",
        "PRIVATE_IP": "replica-1",
        "MEMORY_LIMIT": "6000Mi"
      }
    },
    {
      "nodeId": "ad452d5c-e460-4da8-88ed-ac9ef6a1c885",
      "names": [
        ""
      ],
      "properties": {
        "CPU_LIMIT": "100m",
        "CPU_REQUESTED": "100m",
        "BLOCKCHAIN_ID": "746d220e-1eb9-4d15-ae1b-a224cee8d396",
        "CLIENT_GROUP_ID": "ad452d5c-e460-4da8-88ed-ac9ef6a1c885",
        "STORAGE_CLASS_NAME": "gp2",
        "BLOCKCHAIN_VERSION": "0.0.0.0.8361",
        "SIGNATURE_SAVE": "SIGNATURE",
        "ZONE_NAME": "k8s-zone-A",
        "NODE_NAME": "client-1",
        "CLIENT_CONFIG_PROPERTIES": "{\n}",
        "ENCRYPT_SECRETS": "False",
        "CLIENT_ENDPOINT": "https://{{ip}}:8545",
        "MEMORY_REQUESTED": "500Mi",
        "STORAGE_REQUESTED": "8Gi",
        "CLIENT_POSTGRES_PROPERTIES": "{\n  \"values\": {\n    \"max_connections\": \"300\",\n    \"shared_buffers\": \"4GB\",\n    \"effective_cache_size\": \"12GB\",\n    \"maintenance_work_mem\": \"1GB\",\n    \"checkpoint_completion_target\": \"0.9\",\n    \"wal_buffers\": \"16MB\",\n    \"default_statistics_target\": \"100\",\n    \"random_page_cost\": \"4\",\n    \"effective_io_concurrency\": \"2\",\n    \"work_mem\": \"40MB\",\n    \"min_wal_size\": \"2GB\",\n    \"max_wal_size\": \"8GB\",\n    \"max_worker_processes\": \"4\",\n    \"max_parallel_workers_per_gather\": \"2\",\n    \"max_parallel_workers\": \"4\",\n    \"max_parallel_maintenance_workers\": \"2\"\n  }\n}",
        "PRIVATE_IP": "client-1",
        "MEMORY_LIMIT": "500Mi",
        "CLIENT_BACKUP_ENABLED": "false"
      }
    },
    {
      "nodeId": "6bdf06f1-6372-43c9-9865-5279a1383368",
      "names": [
        ""
      ],
      "properties": {
        "CPU_LIMIT": "100m",
        "CPU_REQUESTED": "100m",
        "BLOCKCHAIN_ID": "746d220e-1eb9-4d15-ae1b-a224cee8d396",
        "CLIENT_GROUP_ID": "6bdf06f1-6372-43c9-9865-5279a1383368",
        "STORAGE_CLASS_NAME": "gp2",
        "BLOCKCHAIN_VERSION": "0.0.0.0.8361",
        "SIGNATURE_SAVE": "SIGNATURE",
        "ZONE_NAME": "k8s-zone-A",
        "NODE_NAME": "client-8",
        "CLIENT_CONFIG_PROPERTIES": "{\n}",
        "ENCRYPT_SECRETS": "False",
        "CLIENT_ENDPOINT": "https://{{ip}}:8545",
        "MEMORY_REQUESTED": "500Mi",
        "STORAGE_REQUESTED": "8Gi",
        "CLIENT_POSTGRES_PROPERTIES": "{\n  \"values\": {\n    \"max_connections\": \"300\",\n    \"shared_buffers\": \"4GB\",\n    \"effective_cache_size\": \"12GB\",\n    \"maintenance_work_mem\": \"1GB\",\n    \"checkpoint_completion_target\": \"0.9\",\n    \"wal_buffers\": \"16MB\",\n    \"default_statistics_target\": \"100\",\n    \"random_page_cost\": \"4\",\n    \"effective_io_concurrency\": \"2\",\n    \"work_mem\": \"40MB\",\n    \"min_wal_size\": \"2GB\",\n    \"max_wal_size\": \"8GB\",\n    \"max_worker_processes\": \"4\",\n    \"max_parallel_workers_per_gather\": \"2\",\n    \"max_parallel_workers\": \"4\",\n    \"max_parallel_maintenance_workers\": \"2\"\n  }\n}",
        "PRIVATE_IP": "client-8",
        "MEMORY_LIMIT": "500Mi",
        "CLIENT_BACKUP_ENABLED": "false"
      }
    },
    {
      "nodeId": "eabc1a6c-9404-4cb8-a899-31c13bc21319",
      "names": [
        ""
      ],
      "properties": {
        "CPU_LIMIT": "100m",
        "CPU_REQUESTED": "100m",
        "BLOCKCHAIN_ID": "746d220e-1eb9-4d15-ae1b-a224cee8d396",
        "CLIENT_GROUP_ID": "eabc1a6c-9404-4cb8-a899-31c13bc21319",
        "STORAGE_CLASS_NAME": "gp2",
        "BLOCKCHAIN_VERSION": "0.0.0.0.8361",
        "SIGNATURE_SAVE": "SIGNATURE",
        "ZONE_NAME": "k8s-zone-A",
        "NODE_NAME": "client-11",
        "CLIENT_CONFIG_PROPERTIES": "{\n}",
        "ENCRYPT_SECRETS": "False",
        "CLIENT_ENDPOINT": "https://{{ip}}:8545",
        "MEMORY_REQUESTED": "500Mi",
        "STORAGE_REQUESTED": "8Gi",
        "CLIENT_POSTGRES_PROPERTIES": "{\n  \"values\": {\n    \"max_connections\": \"300\",\n    \"shared_buffers\": \"4GB\",\n    \"effective_cache_size\": \"12GB\",\n    \"maintenance_work_mem\": \"1GB\",\n    \"checkpoint_completion_target\": \"0.9\",\n    \"wal_buffers\": \"16MB\",\n    \"default_statistics_target\": \"100\",\n    \"random_page_cost\": \"4\",\n    \"effective_io_concurrency\": \"2\",\n    \"work_mem\": \"40MB\",\n    \"min_wal_size\": \"2GB\",\n    \"max_wal_size\": \"8GB\",\n    \"max_worker_processes\": \"4\",\n    \"max_parallel_workers_per_gather\": \"2\",\n    \"max_parallel_workers\": \"4\",\n    \"max_parallel_maintenance_workers\": \"2\"\n  }\n}",
        "PRIVATE_IP": "client-11",
        "MEMORY_LIMIT": "500Mi",
        "CLIENT_BACKUP_ENABLED": "false"
      }
    },
    {
      "nodeId": "287c4252-eba5-42d5-a4f5-26bdc47e3fed",
      "names": [
        ""
      ],
      "properties": {
        "CPU_LIMIT": "100m",
        "CPU_REQUESTED": "100m",
        "BLOCKCHAIN_ID": "746d220e-1eb9-4d15-ae1b-a224cee8d396",
        "CLIENT_GROUP_ID": "287c4252-eba5-42d5-a4f5-26bdc47e3fed",
        "STORAGE_CLASS_NAME": "gp2",
        "BLOCKCHAIN_VERSION": "0.0.0.0.8361",
        "SIGNATURE_SAVE": "SIGNATURE",
        "ZONE_NAME": "k8s-zone-A",
        "NODE_NAME": "client-10",
        "CLIENT_CONFIG_PROPERTIES": "{\n}",
        "ENCRYPT_SECRETS": "False",
        "CLIENT_ENDPOINT": "https://{{ip}}:8545",
        "MEMORY_REQUESTED": "500Mi",
        "STORAGE_REQUESTED": "8Gi",
        "CLIENT_POSTGRES_PROPERTIES": "{\n  \"values\": {\n    \"max_connections\": \"300\",\n    \"shared_buffers\": \"4GB\",\n    \"effective_cache_size\": \"12GB\",\n    \"maintenance_work_mem\": \"1GB\",\n    \"checkpoint_completion_target\": \"0.9\",\n    \"wal_buffers\": \"16MB\",\n    \"default_statistics_target\": \"100\",\n    \"random_page_cost\": \"4\",\n    \"effective_io_concurrency\": \"2\",\n    \"work_mem\": \"40MB\",\n    \"min_wal_size\": \"2GB\",\n    \"max_wal_size\": \"8GB\",\n    \"max_worker_processes\": \"4\",\n    \"max_parallel_workers_per_gather\": \"2\",\n    \"max_parallel_workers\": \"4\",\n    \"max_parallel_maintenance_workers\": \"2\"\n  }\n}",
        "PRIVATE_IP": "client-10",
        "MEMORY_LIMIT": "500Mi",
        "CLIENT_BACKUP_ENABLED": "false"
      }
    },
    {
      "nodeId": "f4f40223-71a1-4f71-baed-2507a939ec89",
      "names": [
        ""
      ],
      "properties": {
        "CPU_LIMIT": "100m",
        "CPU_REQUESTED": "100m",
        "BLOCKCHAIN_ID": "746d220e-1eb9-4d15-ae1b-a224cee8d396",
        "CLIENT_GROUP_ID": "f4f40223-71a1-4f71-baed-2507a939ec89",
        "STORAGE_CLASS_NAME": "gp2",
        "BLOCKCHAIN_VERSION": "0.0.0.0.8361",
        "SIGNATURE_SAVE": "SIGNATURE",
        "ZONE_NAME": "k8s-zone-A",
        "NODE_NAME": "client-0",
        "CLIENT_CONFIG_PROPERTIES": "{\n}",
        "ENCRYPT_SECRETS": "False",
        "CLIENT_ENDPOINT": "https://{{ip}}:8545",
        "MEMORY_REQUESTED": "500Mi",
        "STORAGE_REQUESTED": "8Gi",
        "CLIENT_POSTGRES_PROPERTIES": "{\n  \"values\": {\n    \"max_connections\": \"300\",\n    \"shared_buffers\": \"4GB\",\n    \"effective_cache_size\": \"12GB\",\n    \"maintenance_work_mem\": \"1GB\",\n    \"checkpoint_completion_target\": \"0.9\",\n    \"wal_buffers\": \"16MB\",\n    \"default_statistics_target\": \"100\",\n    \"random_page_cost\": \"4\",\n    \"effective_io_concurrency\": \"2\",\n    \"work_mem\": \"40MB\",\n    \"min_wal_size\": \"2GB\",\n    \"max_wal_size\": \"8GB\",\n    \"max_worker_processes\": \"4\",\n    \"max_parallel_workers_per_gather\": \"2\",\n    \"max_parallel_workers\": \"4\",\n    \"max_parallel_maintenance_workers\": \"2\"\n  }\n}",
        "PRIVATE_IP": "client-0",
        "MEMORY_LIMIT": "500Mi",
        "CLIENT_BACKUP_ENABLED": "false"
      }
    },
    {
      "nodeId": "62e4b28a-9706-494c-b1ed-7ded716ea631",
      "names": [
        ""
      ],
      "properties": {
        "CPU_LIMIT": "100m",
        "CPU_REQUESTED": "100m",
        "BLOCKCHAIN_ID": "746d220e-1eb9-4d15-ae1b-a224cee8d396",
        "CLIENT_GROUP_ID": "62e4b28a-9706-494c-b1ed-7ded716ea631",
        "STORAGE_CLASS_NAME": "gp2",
        "BLOCKCHAIN_VERSION": "0.0.0.0.8361",
        "SIGNATURE_SAVE": "SIGNATURE",
        "ZONE_NAME": "k8s-zone-A",
        "NODE_NAME": "client-5",
        "CLIENT_CONFIG_PROPERTIES": "{\n}",
        "ENCRYPT_SECRETS": "False",
        "CLIENT_ENDPOINT": "https://{{ip}}:8545",
        "MEMORY_REQUESTED": "500Mi",
        "STORAGE_REQUESTED": "8Gi",
        "CLIENT_POSTGRES_PROPERTIES": "{\n  \"values\": {\n    \"max_connections\": \"300\",\n    \"shared_buffers\": \"4GB\",\n    \"effective_cache_size\": \"12GB\",\n    \"maintenance_work_mem\": \"1GB\",\n    \"checkpoint_completion_target\": \"0.9\",\n    \"wal_buffers\": \"16MB\",\n    \"default_statistics_target\": \"100\",\n    \"random_page_cost\": \"4\",\n    \"effective_io_concurrency\": \"2\",\n    \"work_mem\": \"40MB\",\n    \"min_wal_size\": \"2GB\",\n    \"max_wal_size\": \"8GB\",\n    \"max_worker_processes\": \"4\",\n    \"max_parallel_workers_per_gather\": \"2\",\n    \"max_parallel_workers\": \"4\",\n    \"max_parallel_maintenance_workers\": \"2\"\n  }\n}",
        "PRIVATE_IP": "client-5",
        "MEMORY_LIMIT": "500Mi",
        "CLIENT_BACKUP_ENABLED": "false"
      }
    },
    {
      "nodeId": "959a7870-4e30-4cbe-a19a-d174f9b30e69",
      "names": [
        ""
      ],
      "properties": {
        "CPU_LIMIT": "100m",
        "CPU_REQUESTED": "100m",
        "BLOCKCHAIN_ID": "746d220e-1eb9-4d15-ae1b-a224cee8d396",
        "CLIENT_GROUP_ID": "959a7870-4e30-4cbe-a19a-d174f9b30e69",
        "STORAGE_CLASS_NAME": "gp2",
        "BLOCKCHAIN_VERSION": "0.0.0.0.8361",
        "SIGNATURE_SAVE": "SIGNATURE",
        "ZONE_NAME": "k8s-zone-A",
        "NODE_NAME": "client-3",
        "CLIENT_CONFIG_PROPERTIES": "{\n}",
        "ENCRYPT_SECRETS": "False",
        "CLIENT_ENDPOINT": "https://{{ip}}:8545",
        "MEMORY_REQUESTED": "500Mi",
        "STORAGE_REQUESTED": "8Gi",
        "CLIENT_POSTGRES_PROPERTIES": "{\n  \"values\": {\n    \"max_connections\": \"300\",\n    \"shared_buffers\": \"4GB\",\n    \"effective_cache_size\": \"12GB\",\n    \"maintenance_work_mem\": \"1GB\",\n    \"checkpoint_completion_target\": \"0.9\",\n    \"wal_buffers\": \"16MB\",\n    \"default_statistics_target\": \"100\",\n    \"random_page_cost\": \"4\",\n    \"effective_io_concurrency\": \"2\",\n    \"work_mem\": \"40MB\",\n    \"min_wal_size\": \"2GB\",\n    \"max_wal_size\": \"8GB\",\n    \"max_worker_processes\": \"4\",\n    \"max_parallel_workers_per_gather\": \"2\",\n    \"max_parallel_workers\": \"4\",\n    \"max_parallel_maintenance_workers\": \"2\"\n  }\n}",
        "PRIVATE_IP": "client-3",
        "MEMORY_LIMIT": "500Mi",
        "CLIENT_BACKUP_ENABLED": "false"
      }
    },
    {
      "nodeId": "c1e3cadd-5bb3-413a-ad47-20a009de1a9a",
      "names": [
        ""
      ],
      "properties": {
        "CPU_LIMIT": "100m",
        "CPU_REQUESTED": "100m",
        "BLOCKCHAIN_ID": "746d220e-1eb9-4d15-ae1b-a224cee8d396",
        "CLIENT_GROUP_ID": "c1e3cadd-5bb3-413a-ad47-20a009de1a9a",
        "STORAGE_CLASS_NAME": "gp2",
        "BLOCKCHAIN_VERSION": "0.0.0.0.8361",
        "SIGNATURE_SAVE": "SIGNATURE",
        "ZONE_NAME": "k8s-zone-A",
        "NODE_NAME": "client-2",
        "CLIENT_CONFIG_PROPERTIES": "{\n}",
        "ENCRYPT_SECRETS": "False",
        "CLIENT_ENDPOINT": "https://{{ip}}:8545",
        "MEMORY_REQUESTED": "500Mi",
        "STORAGE_REQUESTED": "8Gi",
        "CLIENT_POSTGRES_PROPERTIES": "{\n  \"values\": {\n    \"max_connections\": \"300\",\n    \"shared_buffers\": \"4GB\",\n    \"effective_cache_size\": \"12GB\",\n    \"maintenance_work_mem\": \"1GB\",\n    \"checkpoint_completion_target\": \"0.9\",\n    \"wal_buffers\": \"16MB\",\n    \"default_statistics_target\": \"100\",\n    \"random_page_cost\": \"4\",\n    \"effective_io_concurrency\": \"2\",\n    \"work_mem\": \"40MB\",\n    \"min_wal_size\": \"2GB\",\n    \"max_wal_size\": \"8GB\",\n    \"max_worker_processes\": \"4\",\n    \"max_parallel_workers_per_gather\": \"2\",\n    \"max_parallel_workers\": \"4\",\n    \"max_parallel_maintenance_workers\": \"2\"\n  }\n}",
        "PRIVATE_IP": "client-2",
        "MEMORY_LIMIT": "500Mi",
        "CLIENT_BACKUP_ENABLED": "false"
      }
    },
    {
      "nodeId": "6c643c80-1d91-4218-9e23-75230276362d",
      "names": [
        ""
      ],
      "properties": {
        "CPU_LIMIT": "500m",
        "CPU_REQUESTED": "500m",
        "BLOCKCHAIN_ID": "746d220e-1eb9-4d15-ae1b-a224cee8d396",
        "STORAGE_CLASS_NAME": "gp2",
        "BLOCKCHAIN_VERSION": "0.0.0.0.8361",
        "SIGNATURE_SAVE": "SIGNATURE",
        "ZONE_NAME": "k8s-zone-A",
        "NODE_NAME": "replica-0",
        "ENCRYPT_SECRETS": "False",
        "MEMORY_REQUESTED": "6000Mi",
        "STORAGE_REQUESTED": "8Gi",
        "PRIVATE_IP": "replica-0",
        "MEMORY_LIMIT": "6000Mi"
      }
    },
    {
      "nodeId": "935e691a-630e-4f0f-be4a-1afaa766abab",
      "names": [
        ""
      ],
      "properties": {
        "CPU_LIMIT": "500m",
        "CPU_REQUESTED": "500m",
        "BLOCKCHAIN_ID": "746d220e-1eb9-4d15-ae1b-a224cee8d396",
        "STORAGE_CLASS_NAME": "gp2",
        "BLOCKCHAIN_VERSION": "0.0.0.0.8361",
        "SIGNATURE_SAVE": "SIGNATURE",
        "ZONE_NAME": "k8s-zone-A",
        "NODE_NAME": "replica-2",
        "ENCRYPT_SECRETS": "False",
        "MEMORY_REQUESTED": "6000Mi",
        "STORAGE_REQUESTED": "8Gi",
        "PRIVATE_IP": "replica-2",
        "MEMORY_LIMIT": "6000Mi"
      }
    },
    {
      "nodeId": "6f7b01c0-61e0-45dd-9a97-e60a9f9477a4",
      "names": [
        ""
      ],
      "properties": {
        "CPU_LIMIT": "100m",
        "CPU_REQUESTED": "100m",
        "BLOCKCHAIN_ID": "746d220e-1eb9-4d15-ae1b-a224cee8d396",
        "CLIENT_GROUP_ID": "6f7b01c0-61e0-45dd-9a97-e60a9f9477a4",
        "STORAGE_CLASS_NAME": "gp2",
        "BLOCKCHAIN_VERSION": "0.0.0.0.8361",
        "SIGNATURE_SAVE": "SIGNATURE",
        "ZONE_NAME": "k8s-zone-A",
        "NODE_NAME": "client-9",
        "CLIENT_CONFIG_PROPERTIES": "{\n}",
        "ENCRYPT_SECRETS": "False",
        "CLIENT_ENDPOINT": "https://{{ip}}:8545",
        "MEMORY_REQUESTED": "500Mi",
        "STORAGE_REQUESTED": "8Gi",
        "CLIENT_POSTGRES_PROPERTIES": "{\n  \"values\": {\n    \"max_connections\": \"300\",\n    \"shared_buffers\": \"4GB\",\n    \"effective_cache_size\": \"12GB\",\n    \"maintenance_work_mem\": \"1GB\",\n    \"checkpoint_completion_target\": \"0.9\",\n    \"wal_buffers\": \"16MB\",\n    \"default_statistics_target\": \"100\",\n    \"random_page_cost\": \"4\",\n    \"effective_io_concurrency\": \"2\",\n    \"work_mem\": \"40MB\",\n    \"min_wal_size\": \"2GB\",\n    \"max_wal_size\": \"8GB\",\n    \"max_worker_processes\": \"4\",\n    \"max_parallel_workers_per_gather\": \"2\",\n    \"max_parallel_workers\": \"4\",\n    \"max_parallel_maintenance_workers\": \"2\"\n  }\n}",
        "PRIVATE_IP": "client-9",
        "MEMORY_LIMIT": "500Mi",
        "CLIENT_BACKUP_ENABLED": "false"
      }
    }
  ],
  "metadata": {
    "deploymentType": "GENERATE",
    "consortiumName": "castor-consortium-1",
    "startingTime": "2023-03-07T22:57:33.583802",
    "blockchainVersion": "0.0.0.0.8361",
    "finishingTime": "2023-03-07T22:57:35.359262",
    "deploymentRequestId": "31e7db74-6890-441e-add5-ab805cc65a92",
    "blockchainId": "746d220e-1eb9-4d15-ae1b-a224cee8d396",
    "consortiumId": "b7ff1011-1bac-4c4b-8523-e695bd936cd7",
    "status": "SUCCESS"
  }
}