{
  "replicasUuidToPrincipalId": {
    "d9a7f8e2-92bf-4bad-b3f7-e08bfbdf6f09": 0,
    "a96efb62-1de7-495d-b285-eba6bac5d817": 3,
    "8804d07b-1ba6-408f-b85a-9893996b3546": 2,
    "692fd88a-96fb-4c50-a947-ba01f204b080": 1
  },
  "clientsUuidToPrincipalIds": {
    "f01693b2-4cde-4930-b536-2bbc81ca8cd3": [
      108,
      109,
      110,
      111,
      112,
      113,
      114,
      115,
      116,
      117,
      118,
      119,
      120,
      121,
      122,
      123,
      124,
      125,
      126,
      127,
      128,
      129,
      130,
      131,
      132,
      133,
      134,
      135,
      136,
      137,
      138,
      139,
      140,
      141,
      142,
      143,
      144,
      145,
      146,
      147,
      148,
      149,
      150,
      151,
      152,
      153,
      154,
      155,
      156,
      157
    ],
    "830620b7-39a1-4df4-8b41-99afd7b90e5a": [
      58,
      59,
      60,
      61,
      62,
      63,
      64,
      65,
      66,
      67,
      68,
      69,
      70,
      71,
      72,
      73,
      74,
      75,
      76,
      77,
      78,
      79,
      80,
      81,
      82,
      83,
      84,
      85,
      86,
      87,
      88,
      89,
      90,
      91,
      92,
      93,
      94,
      95,
      96,
      97,
      98,
      99,
      100,
      101,
      102,
      103,
      104,
      105,
      106,
      107
    ],
    "6958a6a9-f7b8-4210-919c-bf9a5a6b967e": [
      8,
      9,
      10,
      11,
      12,
      13,
      14,
      15,
      16,
      17,
      18,
      19,
      20,
      21,
      22,
      23,
      24,
      25,
      26,
      27,
      28,
      29,
      30,
      31,
      32,
      33,
      34,
      35,
      36,
      37,
      38,
      39,
      40,
      41,
      42,
      43,
      44,
      45,
      46,
      47,
      48,
      49,
      50,
      51,
      52,
      53,
      54,
      55,
      56,
      57
    ]
  }
}