{
  "replicasUuidToPrincipalId": {
    "43dfa885-861a-4d0a-a766-cb87f5216149": 2,
    "1c61f025-5ea5-45d0-b00d-bc899aba50fc": 0,
    "2d31c016-ab00-4eef-aacd-6d75a706c7de": 1,
    "e39923ea-259b-47d0-8e99-c8fccdab95bb": 3
  },
  "clientsUuidToPrincipalIds": {
    "67508539-97fc-45dd-8338-785242c68d21": [
      78,
      79,
      80,
      81,
      82,
      83,
      84,
      85,
      86,
      87
    ],
    "6778ec9d-40d0-4e3d-a910-51fa61dd8bb4": [
      8,
      9,
      10,
      11,
      12,
      13,
      14,
      15,
      16,
      17
    ],
    "555a6d2f-1fcf-480a-aa7b-eeb2a79c3c13": [
      98,
      99,
      100,
      101,
      102,
      103,
      104,
      105,
      106,
      107
    ],
    "86f2dcc7-9508-410a-83cc-61869dff41c1": [
      28,
      29,
      30,
      31,
      32,
      33,
      34,
      35,
      36,
      37
    ],
    "6ff549c8-dff2-4bc2-a1d7-7c1ac2325e15": [
      108,
      109,
      110,
      111,
      112,
      113,
      114,
      115,
      116,
      117
    ],
    "30930d41-be3e-4b73-b6dd-940d44abd5c9": [
      118,
      119,
      120,
      121,
      122,
      123,
      124,
      125,
      126,
      127
    ],
    "9958206e-9c9e-40f2-9840-e07426c21988": [
      88,
      89,
      90,
      91,
      92,
      93,
      94,
      95,
      96,
      97
    ],
    "589c423b-2f27-4899-8c94-3f647f1f082b": [
      18,
      19,
      20,
      21,
      22,
      23,
      24,
      25,
      26,
      27
    ],
    "8bc99020-aae4-43a0-b80a-ecb1dc56fd28": [
      48,
      49,
      50,
      51,
      52,
      53,
      54,
      55,
      56,
      57
    ],
    "fe0f7195-aa00-4ad2-ad69-b45285abc637": [
      38,
      39,
      40,
      41,
      42,
      43,
      44,
      45,
      46,
      47
    ],
    "36f95ba3-fb3a-4e3f-85e7-272fdeb1d0ee": [
      58,
      59,
      60,
      61,
      62,
      63,
      64,
      65,
      66,
      67
    ],
    "a16fe39f-e283-4913-8759-8fa39cc93ae8": [
      68,
      69,
      70,
      71,
      72,
      73,
      74,
      75,
      76,
      77
    ]
  }
}